Quantidade,DiaDaSemana,Turno,TipoFrete,TipoTransporte,OrdemViagem,PercAtraso,Atraso
6,4,3,0,3,1,0,0
6,3,3,0,3,1,.2,0
6,3,3,0,3,1,0,0
6,3,3,0,3,1,.1,0
6,3,3,0,3,1,.2,0
6,3,3,0,3,1,.1,0
5,3,3,0,3,1,0,0
6,3,3,0,3,1,0,0
6,3,3,0,3,1,.2,0
6,3,3,0,3,1,.4,0
5,3,3,0,3,1,.1,0
6,3,3,0,3,1,.3,0
5,3,3,0,3,1,0,0
6,4,3,0,3,1,.3,1
6,3,3,0,3,1,.2,0
6,3,3,0,3,1,.4,1
6,3,3,0,3,1,0,0
6,3,3,0,3,1,.2,0
6,3,3,0,3,1,0,0
6,4,3,0,3,1,0,0
4,3,3,0,3,1,0,0
5,3,3,0,3,1,.2,0
4,4,3,0,3,1,0,0
6,4,3,0,3,1,.1,0
4,5,3,0,3,1,0,0
6,3,3,0,3,1,0,0
6,3,3,0,3,1,0,0
6,3,3,0,3,1,.3,0
6,3,3,0,3,1,0,0
6,5,3,0,3,1,.5,0
4,3,3,0,3,1,.5,1
6,3,3,0,3,1,.5,0
4,4,3,0,3,1,.4,0
4,5,3,0,3,2,.4,0
4,5,3,0,3,3,.4,0
4,4,3,0,3,1,.2,0
4,5,3,0,3,2,.2,0
4,4,3,0,3,1,.3,0
4,5,3,0,3,2,.3,1
4,7,3,0,3,3,.3,0
4,4,3,0,3,1,.3,0
4,4,3,0,3,1,.3,0
4,4,3,0,3,1,.3,0
4,4,3,0,3,1,.2,0
4,4,3,0,3,1,.2,0
4,4,3,0,3,1,.2,0
4,4,3,0,3,1,.2,0
4,4,3,0,3,1,.3,0
4,4,3,0,3,1,.3,0
4,4,3,0,3,1,.2,1
4,4,3,0,3,1,.3,0
4,4,3,0,3,1,.3,0
4,5,3,0,3,2,.3,1
4,5,3,0,3,2,.3,0
4,5,3,0,3,2,.2,0
4,5,3,0,3,2,.2,0
4,5,3,0,3,2,.2,0
4,5,3,0,3,2,.2,0
4,6,3,0,3,2,.3,0
4,5,3,0,3,2,.3,1
4,6,3,0,3,2,.2,0
4,5,3,0,3,2,.3,1
4,5,3,0,3,2,.3,1
4,6,3,0,3,3,.3,0
4,5,3,0,3,3,.3,0
4,5,3,0,3,2,.3,0
4,6,3,0,3,3,.2,0
4,6,3,0,3,3,.2,0
4,6,3,0,3,3,.2,0
4,6,3,0,3,3,.2,0
4,5,3,0,3,3,.3,0
4,6,3,0,3,3,.3,0
4,5,3,0,3,3,.2,0
4,6,3,0,3,3,.3,0
4,4,3,0,3,1,.4,0
4,5,3,0,3,2,.4,0
4,5,3,0,3,3,.4,0
4,4,3,0,3,1,.4,0
4,4,3,0,3,1,.2,0
4,5,3,0,3,2,.4,0
4,5,3,0,3,2,.2,1
4,5,3,0,3,3,.4,0
6,6,3,0,3,2,0,0
6,4,3,0,3,1,0,0
6,4,3,0,3,2,.2,0
6,4,3,0,3,1,0,0
6,4,3,0,3,1,.3,1
6,4,3,0,3,1,0,0
6,4,3,0,3,2,.2,1
6,4,3,0,3,1,.1,1
6,4,3,0,3,1,1,1
6,4,3,0,3,1,.3,0
6,4,3,0,3,1,.3,1
6,4,3,0,3,1,0,0
6,4,3,0,3,1,0,0
6,4,3,0,3,1,0,0
5,4,3,0,3,1,0,0
6,4,3,0,3,1,.4,0
6,4,3,0,3,1,.2,1
6,4,3,0,3,1,.1,0
6,5,3,0,3,1,0,0
6,5,3,0,3,1,0,0
6,4,3,0,3,1,.3,1
6,4,3,0,3,1,0,0
6,6,3,0,3,1,.1,1
6,7,3,0,3,2,.4,1
6,6,3,0,3,2,.2,0
6,5,3,0,3,1,.3,0
4,6,3,0,3,4,.4,1
4,5,3,0,3,3,.2,1
4,5,3,0,3,4,.3,1
4,5,3,0,3,3,.3,1
4,6,3,0,3,4,.3,0
4,5,3,0,3,4,.2,0
4,5,3,0,3,4,.2,0
4,5,3,0,3,4,.2,0
4,5,3,0,3,4,.2,0
4,6,3,0,3,4,.4,1
4,6,3,0,3,4,.4,1
4,5,3,0,3,1,0,0
4,5,3,0,3,1,.1,0
6,2,3,0,3,1,0,0
6,5,3,0,3,1,.5,0
6,5,3,0,3,1,0,0
6,5,3,0,3,2,.5,1
6,2,3,0,3,1,0,0
5,6,3,0,3,1,.4,0
4,6,3,0,3,5,.4,0
4,6,3,0,3,5,.4,0
4,6,3,0,3,5,.4,0
4,6,3,0,3,4,.3,0
4,6,3,0,3,4,.2,0
4,6,3,0,3,3,.2,0
4,6,3,0,3,4,.3,0
6,6,3,0,3,2,.1,0
6,7,3,0,3,1,.3,0
4,6,3,0,3,6,.4,1
4,6,3,0,3,6,.4,1
4,6,3,0,3,6,.4,1
4,6,3,0,3,5,.3,1
4,6,3,0,3,5,.3,1
4,6,3,0,3,5,.3,1
4,6,3,0,3,5,.2,1
4,6,3,0,3,5,.2,1
4,6,3,0,3,5,.2,1
4,6,3,0,3,5,.2,0
4,6,3,0,3,5,.2,1
4,6,3,0,3,4,.3,1
4,6,3,0,3,4,.3,0
4,6,3,0,3,4,.2,1
4,6,3,0,3,4,.3,0
4,6,3,0,3,4,.2,0
4,6,3,0,3,3,.3,0
4,6,3,0,3,5,.3,1
4,6,3,0,3,6,.3,1
4,6,3,0,3,6,.3,0
4,6,3,0,3,6,.3,1
4,7,3,0,3,6,.2,0
4,7,3,0,3,6,.2,0
4,7,3,0,3,6,.2,0
4,7,3,0,3,6,.2,0
4,7,3,0,3,6,.2,0
4,7,3,0,3,5,.3,0
4,7,3,0,3,5,.3,0
4,7,3,0,3,5,.2,0
4,7,3,0,3,5,.3,0
4,6,3,0,3,4,.3,0
6,7,3,0,3,1,0,0
6,6,3,0,3,1,.1,1
6,7,3,0,3,2,.1,0
5,6,3,0,3,2,0,0
6,7,3,0,3,2,.3,1
5,6,3,0,3,2,.2,0
6,6,3,0,3,1,.3,0
6,6,3,0,3,2,.4,0
5,7,3,0,3,2,0,0
4,6,3,0,3,2,0,0
6,6,3,0,3,2,0,0
4,6,3,0,3,1,0,0
6,4,3,0,3,3,.2,0
6,3,3,0,3,1,0,0
3,7,3,0,3,1,.1,0
4,7,3,0,3,7,.4,1
4,7,3,0,3,8,.4,1
4,7,3,0,3,7,.3,1
4,7,3,0,3,7,.3,1
4,7,3,0,3,7,.3,1
4,7,3,0,3,5,.3,0
4,7,3,0,3,7,.4,1
4,7,3,0,3,8,.4,1
4,7,3,0,3,7,.4,1
4,7,3,0,3,8,.4,1
4,7,3,0,3,5,.2,0
6,2,3,0,3,1,0,0
5,2,3,0,3,1,.4,1
6,2,3,0,3,1,0,0
6,2,3,0,3,1,0,0
6,2,3,0,3,2,.2,0
5,2,3,0,3,1,0,0
5,2,3,0,3,3,.2,0
6,2,3,0,3,2,0,0
4,1,3,0,3,6,.2,0
4,1,3,0,3,6,.3,0
4,1,3,0,3,6,.3,0
6,2,3,0,3,3,.5,0
4,2,3,0,3,2,.1,0
4,1,3,0,3,9,.4,0
4,1,3,0,3,9,.4,0
4,1,3,0,3,9,.4,0
4,1,3,0,3,8,.3,0
4,1,3,0,3,8,.3,0
4,1,3,0,3,8,.3,0
4,1,3,0,3,7,.2,0
4,1,3,0,3,7,.2,0
4,1,3,0,3,7,.2,0
4,1,3,0,3,7,.2,0
4,1,3,0,3,7,.2,0
4,1,3,0,3,6,.3,0
4,1,3,0,3,6,.3,0
4,1,3,0,3,6,.2,0
4,1,3,0,3,6,.3,0
6,2,3,0,3,1,0,0
6,2,3,0,3,1,.2,0
6,2,3,0,3,1,.2,1
4,2,3,0,3,10,.4,0
4,2,3,0,3,10,.4,0
4,2,3,0,3,10,.4,0
4,2,3,0,3,9,.3,0
4,2,3,0,3,9,.3,0
4,2,3,0,3,8,.2,0
4,2,3,0,3,8,.2,0
4,2,3,0,3,8,.2,0
4,2,3,0,3,8,.2,0
4,2,3,0,3,7,.3,0
4,2,3,0,3,8,.2,0
4,2,3,0,3,7,.3,0
4,2,3,0,3,7,.2,1
4,2,3,0,3,7,.3,1
4,2,3,0,3,7,.2,0
4,2,3,0,3,7,.3,0
4,2,3,0,3,7,.3,1
4,2,3,0,3,11,.4,1
4,2,3,0,3,11,.4,1
4,2,3,0,3,11,.4,1
4,2,3,0,3,10,.3,0
4,2,3,0,3,9,.3,0
4,2,3,0,3,10,.3,0
4,2,3,0,3,9,.2,0
4,2,3,0,3,9,.2,0
4,2,3,0,3,9,.2,0
4,3,3,0,3,10,.2,0
4,2,3,0,3,9,.2,0
4,2,3,0,3,9,.2,1
4,2,3,0,3,8,.3,1
4,2,3,0,3,8,.3,1
4,2,3,0,3,8,.2,1
4,2,3,0,3,8,.3,1
4,2,3,0,3,8,.2,1
4,2,3,0,3,8,.3,1
4,3,3,0,3,8,.3,0
4,3,3,0,3,12,.4,0
4,3,3,0,3,12,.4,0
4,3,3,0,3,11,.3,0
4,3,3,0,3,11,.3,0
4,3,3,0,3,10,.2,0
4,3,3,0,3,10,.2,0
4,3,3,0,3,10,.2,0
4,3,3,0,3,10,.2,0
4,3,3,0,3,9,.3,0
4,3,3,0,3,9,.3,0
4,3,3,0,3,9,.2,0
4,3,3,0,3,9,.3,0
4,3,3,0,3,9,.2,0
4,3,3,0,3,9,.3,0
4,4,3,0,3,9,.3,0
4,2,3,0,3,10,.3,0
6,4,3,0,3,3,0,0
6,3,3,0,3,2,.1,0
6,2,3,0,3,1,0,0
6,3,3,0,3,1,0,0
6,2,3,0,3,2,.1,0
4,2,3,0,3,2,0,0
6,2,3,0,3,3,.1,0
5,2,3,0,3,3,0,0
5,2,3,0,3,2,0,0
6,2,3,0,3,2,0,0
4,3,3,0,3,12,.4,0
4,3,3,0,3,13,.4,0
4,4,3,0,3,14,.4,0
4,3,3,0,3,11,.2,1
4,4,3,0,3,12,.2,0
6,2,3,0,3,2,.3,0
6,3,3,0,3,2,.5,0
6,4,3,0,3,2,0,0
6,3,3,0,3,2,0,0
6,2,3,0,3,2,.3,0
6,3,3,0,3,3,.4,0
4,5,3,0,3,10,.3,0
4,3,3,0,3,11,.3,0
4,3,3,0,3,12,.3,0
4,3,3,0,3,12,.3,0
4,3,3,0,3,12,.3,0
4,3,3,0,3,11,.2,0
4,3,3,0,3,11,.2,1
4,3,3,0,3,11,.2,1
4,4,3,0,3,11,.2,0
4,4,3,0,3,10,.3,0
4,4,3,0,3,10,.3,0
4,4,3,0,3,10,.3,0
4,4,3,0,3,10,.3,0
4,4,3,0,3,13,.3,0
4,4,3,0,3,13,.3,0
4,4,3,0,3,13,.3,0
4,4,3,0,3,12,.2,0
4,4,3,0,3,12,.2,0
4,4,3,0,3,12,.2,0
4,5,3,0,3,12,.2,0
4,5,3,0,3,11,.3,0
4,4,3,0,3,11,.3,0
4,4,3,0,3,10,.2,0
4,5,3,0,3,11,.3,0
4,4,3,0,3,11,.3,0
4,3,3,0,3,13,.4,0
4,4,3,0,3,14,.4,0
4,3,3,0,3,13,.4,0
4,4,3,0,3,10,.2,0
4,4,3,0,3,14,.4,0
4,5,3,0,3,11,.2,0
6,4,3,0,3,3,.1,0
6,4,3,0,3,3,.1,0
4,4,3,0,3,2,.5,0
6,4,3,0,3,1,.3,0
6,4,3,0,3,1,0,0
6,4,3,0,3,2,.1,0
6,4,3,0,3,2,0,0
6,4,3,0,3,3,0,0
6,4,3,0,3,1,0,0
4,4,3,0,3,15,.4,0
5,4,3,0,3,2,.4,0
4,4,3,0,3,16,.4,1
4,4,3,0,3,13,.2,0
4,5,3,0,3,14,.2,0
4,4,3,0,3,11,.3,0
4,4,3,0,3,14,.3,0
4,5,3,0,3,15,.3,0
4,4,3,0,3,14,.3,0
4,5,3,0,3,15,.3,0
4,4,3,0,3,13,.2,1
4,5,3,0,3,14,.2,0
4,4,3,0,3,12,.3,0
4,5,3,0,3,12,.3,0
4,4,3,0,3,13,.2,1
4,5,3,0,3,14,.2,0
4,4,3,0,3,12,.3,0
4,4,3,0,3,13,.2,0
4,5,3,0,3,14,.2,0
4,4,3,0,3,14,.3,1
4,5,3,0,3,15,.3,0
4,5,3,0,3,12,.3,0
4,4,3,0,3,13,.2,0
4,4,3,0,3,15,.4,0
4,4,3,0,3,16,.4,1
4,4,3,0,3,15,.4,1
4,4,3,0,3,16,.4,1
4,4,3,0,3,12,.2,0
6,4,3,0,3,2,.3,0
6,5,3,0,3,2,0,0
6,5,3,0,3,1,0,0
6,5,3,0,3,2,0,0
6,6,3,0,3,1,0,0
4,5,3,0,3,3,.1,0
5,4,3,0,3,2,.1,0
5,4,3,0,3,3,0,0
6,4,3,0,3,2,.2,0
6,5,3,0,3,3,.1,0
4,5,3,0,3,17,.4,0
4,5,3,0,3,17,.4,0
4,5,3,0,3,17,.4,0
4,5,3,0,3,16,.3,0
4,5,3,0,3,16,.3,0
4,5,3,0,3,16,.3,0
4,5,3,0,3,15,.2,1
4,5,3,0,3,15,.2,0
4,5,3,0,3,15,.2,0
4,5,3,0,3,15,.2,0
4,5,3,0,3,14,.2,0
4,5,3,0,3,11,.2,0
4,5,3,0,3,18,.4,1
4,5,3,0,3,18,.4,1
4,5,3,0,3,18,.4,0
4,5,3,0,3,17,.3,1
4,5,3,0,3,17,.3,0
4,5,3,0,3,17,.3,0
4,5,3,0,3,16,.2,0
4,6,3,0,3,16,.2,0
4,5,3,0,3,16,.2,1
4,6,3,0,3,16,.2,0
4,6,3,0,3,15,.2,0
4,6,3,0,3,13,.3,0
4,6,3,0,3,13,.3,0
4,6,3,0,3,12,.2,0
4,6,3,0,3,13,.3,0
4,6,3,0,3,13,.2,0
4,6,3,0,3,13,.3,0
4,6,3,0,3,12,.3,0
6,5,3,0,3,2,.1,0
6,5,3,0,3,2,.2,0
4,6,3,0,3,1,0,0
6,6,3,0,3,2,0,0
6,5,3,0,3,3,0,0
6,5,3,0,3,1,.3,1
6,5,3,0,3,1,.5,0
6,5,3,0,3,1,0,0
6,5,3,0,3,1,.5,0
6,6,3,0,3,1,.5,0
6,5,3,0,3,4,.4,0
6,5,3,0,3,1,0,0
6,5,3,0,3,1,0,0
6,6,3,0,3,1,0,0
6,6,3,0,3,1,0,0
6,7,3,0,3,1,0,0
6,6,3,0,3,4,.2,0
6,7,3,0,3,1,0,0
6,5,3,0,3,3,.5,1
4,6,3,0,3,2,0,0
6,6,3,0,3,2,0,0
6,6,3,0,3,3,.1,0
6,6,3,0,3,2,0,0
6,6,3,0,3,2,0,0
5,6,3,0,3,3,.4,1
6,7,3,0,3,4,.5,1
4,6,3,0,3,3,0,0
6,7,3,0,3,2,0,0
3,6,3,0,3,2,.1,0
6,6,3,0,3,2,0,0
2,6,3,0,3,1,.3,0
4,6,3,0,3,14,.3,1
4,6,3,0,3,14,.3,1
4,6,3,0,3,18,.3,1
4,6,3,0,3,18,.3,1
4,7,3,0,3,18,.3,0
4,7,3,0,3,17,.2,0
4,7,3,0,3,17,.2,0
4,6,3,0,3,19,.4,0
4,6,3,0,3,19,.4,0
4,6,3,0,3,19,.4,0
4,6,3,0,3,19,.3,0
4,6,3,0,3,19,.3,1
4,6,3,0,3,19,.3,0
4,6,3,0,3,18,.2,0
4,6,3,0,3,17,.2,1
4,6,3,0,3,18,.2,1
4,6,3,0,3,17,.2,1
4,6,3,0,3,16,.2,1
4,6,3,0,3,20,.4,1
4,6,3,0,3,20,.4,1
4,6,3,0,3,20,.4,1
4,7,3,0,3,20,.3,0
4,7,3,0,3,20,.3,0
4,7,3,0,3,20,.3,0
4,7,3,0,3,19,.2,0
4,7,3,0,3,18,.2,0
4,7,3,0,3,19,.2,0
4,7,3,0,3,18,.2,0
4,7,3,0,3,17,.2,0
4,7,3,0,3,15,.3,0
4,7,3,0,3,15,.3,0
4,7,3,0,3,13,.2,0
4,7,3,0,3,14,.3,0
4,7,3,0,3,14,.2,0
4,7,3,0,3,14,.3,0
4,7,3,0,3,13,.3,0
6,6,3,0,3,1,.3,0
6,6,3,0,3,3,0,0
6,6,3,0,3,1,.3,0
6,6,3,0,3,2,.3,1
6,6,3,0,3,3,.2,1
4,6,3,0,3,1,0,0
6,7,3,0,3,1,0,0
6,7,3,0,3,3,.3,0
6,7,3,0,3,3,.2,1
4,6,3,0,3,4,.1,0
6,6,3,0,3,3,0,0
6,7,3,0,3,4,.1,0
6,6,3,0,3,3,.4,1
5,7,3,0,3,1,0,0
4,6,3,0,3,3,.5,0
5,2,3,0,3,1,0,0
6,2,3,0,3,1,0,0
6,7,3,0,3,2,.3,1
6,2,3,0,3,1,0,0
4,7,3,0,3,21,.4,1
4,7,3,0,3,22,.4,1
4,7,3,0,3,21,.4,1
4,7,3,0,3,22,.4,0
4,7,3,0,3,21,.4,1
4,7,3,0,3,21,.3,1
4,7,3,0,3,21,.3,1
4,7,3,0,3,19,.2,0
4,7,3,0,3,19,.2,1
4,7,3,0,3,18,.2,1
4,7,3,0,3,16,.3,1
4,7,3,0,3,16,.3,1
4,7,3,0,3,14,.2,1
4,7,3,0,3,22,.4,1
6,2,3,0,3,2,0,0
6,2,3,0,3,4,.1,0
6,2,3,0,3,1,.1,0
5,7,3,0,3,2,.4,1
6,2,3,0,3,3,.1,0
5,2,3,0,3,3,0,0
4,2,3,0,3,2,0,0
6,3,3,0,3,2,0,0
6,3,3,0,3,4,.1,0
6,3,3,0,3,2,0,0
6,3,3,0,3,3,.1,0
6,3,3,0,3,1,0,0
6,2,3,0,3,2,.5,1
6,2,3,0,3,3,.3,0
6,2,3,0,3,5,.4,0
6,2,3,0,3,3,0,0
4,1,3,0,3,23,.4,0
4,1,3,0,3,23,.4,0
4,1,3,0,3,23,.4,0
4,1,3,0,3,22,.3,0
4,1,3,0,3,22,.3,0
4,1,3,0,3,21,.3,0
4,1,3,0,3,20,.2,0
4,1,3,0,3,20,.2,0
4,1,3,0,3,20,.2,0
4,1,3,0,3,20,.2,0
4,1,3,0,3,19,.2,0
4,1,3,0,3,17,.3,0
4,1,3,0,3,17,.3,0
4,1,3,0,3,15,.2,0
4,1,3,0,3,15,.3,0
4,1,3,0,3,15,.2,0
4,1,3,0,3,15,.3,0
4,1,3,0,3,14,.3,0
4,2,3,0,3,24,.4,0
4,2,3,0,3,24,.4,0
4,2,3,0,3,25,.4,1
4,2,3,0,3,21,.2,0
4,2,3,0,3,22,.2,1
4,3,3,0,3,23,.2,0
4,2,3,0,3,15,.3,0
4,2,3,0,3,16,.3,1
6,2,3,0,3,1,0,0
6,2,3,0,3,2,0,0
6,2,3,0,3,4,.2,0
6,2,3,0,3,2,0,0
6,2,3,0,3,2,0,0
4,3,3,0,3,17,.3,0
4,2,3,0,3,24,.4,0
4,2,3,0,3,25,.4,1
4,2,3,0,3,26,.4,1
4,2,3,0,3,16,.2,0
4,2,3,0,3,25,.4,0
4,3,3,0,3,17,.2,0
4,2,3,0,3,26,.4,0
4,2,3,0,3,18,.2,0
4,2,3,0,3,26,.4,1
4,2,3,0,3,23,.3,0
4,2,3,0,3,23,.3,0
4,2,3,0,3,22,.3,0
4,2,3,0,3,21,.2,0
4,2,3,0,3,21,.2,0
4,2,3,0,3,21,.2,0
4,2,3,0,3,20,.2,0
4,2,3,0,3,18,.3,0
4,2,3,0,3,18,.3,0
4,2,3,0,3,16,.2,0
4,2,3,0,3,16,.3,0
4,2,3,0,3,16,.3,0
4,2,3,0,3,24,.3,1
4,2,3,0,3,24,.3,0
4,2,3,0,3,23,.3,1
4,2,3,0,3,22,.2,1
4,2,3,0,3,22,.2,1
4,2,3,0,3,22,.2,1
4,2,3,0,3,21,.2,1
4,2,3,0,3,19,.3,1
4,2,3,0,3,19,.3,1
4,2,3,0,3,17,.2,1
4,2,3,0,3,17,.3,1
4,2,3,0,3,17,.3,1
4,3,3,0,3,25,.3,0
4,3,3,0,3,25,.3,0
4,3,3,0,3,24,.3,0
4,3,3,0,3,23,.2,0
4,3,3,0,3,23,.2,0
4,3,3,0,3,23,.2,0
4,3,3,0,3,22,.2,0
4,3,3,0,3,20,.3,0
4,3,3,0,3,20,.3,0
4,3,3,0,3,18,.2,0
4,3,3,0,3,18,.3,0
4,3,3,0,3,18,.3,0
6,3,3,0,3,1,0,0
6,2,3,0,3,5,.2,0
4,2,3,0,3,1,.3,0
5,2,3,0,3,2,0,0
6,2,3,0,3,2,.2,0
6,2,3,0,3,1,0,0
6,2,3,0,3,3,.3,0
4,2,3,0,3,5,.1,0
6,3,3,0,3,5,.1,0
5,3,3,0,3,4,.4,1
6,3,3,0,3,1,.1,0
6,4,3,0,3,1,0,0
5,3,3,0,3,2,.1,1
6,3,3,0,3,3,.3,0
4,3,3,0,3,27,.4,1
4,3,3,0,3,27,.4,1
4,3,3,0,3,27,.4,1
4,3,3,0,3,26,.3,1
4,3,3,0,3,26,.3,1
4,3,3,0,3,25,.3,0
4,3,3,0,3,24,.2,1
4,3,3,0,3,24,.2,1
4,3,3,0,3,24,.2,0
4,3,3,0,3,24,.2,1
4,3,3,0,3,23,.2,0
4,3,3,0,3,21,.3,1
4,3,3,0,3,21,.3,0
4,3,3,0,3,19,.2,0
4,3,3,0,3,19,.3,0
4,3,3,0,3,19,.2,1
4,3,3,0,3,19,.3,1
4,3,3,0,3,18,.3,1
4,4,3,0,3,28,.4,0
4,4,3,0,3,28,.4,0
6,3,3,0,3,1,.5,0
6,3,3,0,3,4,0,0
6,3,3,0,3,1,.2,0
6,3,3,0,3,2,.4,1
6,5,3,0,3,4,0,0
6,3,3,0,3,1,0,0
6,4,3,0,3,1,0,0
6,4,3,0,3,1,0,0
6,4,3,0,3,1,0,0
6,3,3,0,3,2,0,0
6,4,3,0,3,5,.2,0
6,3,3,0,3,4,.3,0
6,4,3,0,3,6,.4,0
5,3,3,0,3,4,.2,1
5,3,3,0,3,4,0,0
6,4,3,0,3,6,.2,0
6,3,3,0,3,4,.1,0
4,4,3,0,3,3,0,0
6,4,3,0,3,1,0,0
6,4,3,0,3,1,0,0
6,4,3,0,3,4,0,0
6,4,3,0,3,2,0,0
6,4,3,0,3,1,0,0
6,4,3,0,3,3,0,0
6,4,3,0,3,1,0,0
6,4,3,0,3,1,0,0
6,4,3,0,3,4,.4,0
4,4,3,0,3,28,.4,0
4,4,3,0,3,27,.3,0
4,4,3,0,3,27,.3,1
4,4,3,0,3,26,.3,1
4,4,3,0,3,25,.2,1
4,4,3,0,3,29,.4,1
6,4,3,0,3,4,.3,0
6,4,3,0,3,4,.3,0
3,5,3,0,3,3,.1,0
6,4,3,0,3,3,.2,0
6,5,3,0,3,3,0,0
6,5,3,0,3,1,0,0
5,5,3,0,3,3,.4,0
6,5,3,0,3,1,.3,0
4,5,3,0,3,1,.2,0
6,5,3,0,3,2,0,0
4,4,3,0,3,1,.4,0
5,4,3,0,3,5,.4,1
5,5,3,0,3,1,0,0
6,5,3,0,3,1,0,0
6,4,3,0,3,1,0,0
6,5,3,0,3,2,0,0
6,4,3,0,3,4,.5,0
6,5,3,0,3,6,.2,0
6,5,3,0,3,1,0,0
6,5,3,0,3,1,0,0
5,5,3,0,3,6,.4,0
6,5,3,0,3,4,0,0
6,5,3,0,3,5,.1,0
6,5,3,0,3,3,0,0
6,5,3,0,3,4,0,0
6,5,3,0,3,2,.3,0
6,5,3,0,3,1,.3,0
6,6,3,0,3,4,.1,0
6,5,3,0,3,1,.1,0
6,5,3,0,3,5,.1,0
5,5,3,0,3,4,0,0
6,6,3,0,3,4,.1,0
6,5,3,0,3,2,0,0
6,6,3,0,3,1,0,0
6,6,3,0,3,2,.3,0
6,6,3,0,3,1,0,0
6,6,3,0,3,4,.3,0
6,6,3,0,3,5,0,0
6,6,3,0,3,5,.3,1
6,6,3,0,3,5,.5,1
6,6,3,0,3,4,.2,0
6,7,3,0,3,5,.4,1
6,7,3,0,3,2,0,0
5,6,3,0,3,1,0,0
6,6,3,0,3,7,.2,0
6,6,3,0,3,1,0,0
6,6,3,0,3,1,0,0
6,5,3,0,3,2,.1,0
6,6,3,0,3,6,.1,0
4,5,3,0,3,6,.1,0
6,7,3,0,3,2,.3,0
5,7,3,0,3,3,.1,0
4,6,3,0,3,3,0,0
6,7,3,0,3,1,1,1
6,7,3,0,3,5,.1,0
6,6,3,0,3,1,0,0
6,6,3,0,3,1,0,0
6,6,3,0,3,3,0,0
6,7,3,0,3,4,0,0
6,7,3,0,3,3,0,0
6,6,3,0,3,1,.7,1
5,7,3,0,3,4,0,0
6,6,3,0,3,1,.2,0
6,7,3,0,3,5,.3,1
6,6,3,0,3,2,.3,1
6,6,3,0,3,2,.1,0
6,6,3,0,3,4,.1,0
5,7,3,0,3,5,0,0
6,7,3,0,3,2,.3,0
6,6,3,0,3,3,0,0
6,2,3,0,3,5,.3,0
6,7,3,0,3,2,0,0
6,7,3,0,3,2,.3,0
6,7,3,0,3,7,.2,0
6,2,3,0,3,6,.3,0
4,7,3,0,3,2,.4,1
6,2,3,0,3,5,.1,0
6,2,3,0,3,5,.3,0
6,2,3,0,3,5,.2,0
6,2,3,0,3,2,.3,0
6,2,3,0,3,3,0,0
6,2,3,0,3,5,0,0
6,2,3,0,3,5,0,0
6,2,3,0,3,2,0,0
6,2,3,0,3,1,0,0
6,2,3,0,3,2,0,0
6,2,3,0,3,2,0,0
6,2,3,0,3,1,0,0
5,2,3,0,3,7,.4,0
6,2,3,0,3,2,.2,0
6,2,3,0,3,3,.3,0
6,2,3,0,3,3,0,0
6,2,3,0,3,5,0,0
6,2,3,0,3,6,0,0
6,2,3,0,3,2,0,0
6,2,3,0,3,3,0,0
6,2,3,0,3,3,.3,0
6,2,3,0,3,1,0,0
6,2,3,0,3,3,.3,0
6,2,3,0,3,1,0,0
5,2,3,0,3,3,.2,0
6,2,3,0,3,6,.1,0
6,2,3,0,3,3,.3,0
5,2,3,0,3,4,.4,0
6,2,3,0,3,3,0,0
6,2,3,0,3,6,.1,0
6,2,3,0,3,3,.4,0
4,2,3,0,3,4,0,0
6,2,3,0,3,3,.2,0
6,2,3,0,3,3,.3,0
6,2,3,0,3,3,0,0
6,2,3,0,3,3,.1,0
6,3,3,0,3,5,.1,0
5,3,3,0,3,5,0,0
6,3,3,0,3,4,0,0
4,3,3,0,3,2,.2,1
6,3,3,0,3,5,0,0
6,3,3,0,3,4,0,0
6,2,3,0,3,3,0,0
5,2,3,0,3,8,.4,0
6,2,3,0,3,5,0,0
4,2,3,0,3,7,.1,0
6,3,3,0,3,6,.3,1
6,3,3,0,3,3,.3,0
6,3,3,0,3,5,.1,1
6,3,3,0,3,2,.2,0
6,3,3,0,3,3,.2,0
6,3,3,0,3,1,1,1
6,3,3,0,3,3,.3,0
6,3,3,0,3,4,0,0
6,4,3,0,3,4,.2,0
4,4,3,0,3,4,0,0
5,4,3,0,3,6,0,0
6,5,3,0,3,4,.3,1
6,4,3,0,3,6,.1,0
6,4,3,0,3,7,.1,0
6,3,3,0,3,3,.1,0
6,4,3,0,3,1,0,0
6,4,3,0,3,2,0,0
4,4,3,0,3,4,0,0
6,4,3,0,3,1,.2,0
6,4,3,0,3,7,.3,0
6,4,3,0,3,1,0,0
6,4,3,0,3,4,.3,0
6,6,3,0,3,6,0,0
6,6,3,0,3,3,0,0
6,4,3,0,3,6,.2,0
6,4,3,0,3,6,.3,0
6,4,3,0,3,6,.3,0
6,4,3,0,3,6,0,0
6,5,3,0,3,4,.2,0
6,5,3,0,3,6,0,0
6,5,3,0,3,2,.2,0
6,5,3,0,3,3,.3,1
5,5,3,0,3,9,.4,0
6,5,3,0,3,2,0,0
6,5,3,0,3,4,0,0
6,5,3,0,3,1,0,0
6,5,3,0,3,4,0,0
5,5,3,0,3,6,0,0
6,6,3,0,3,5,0,0
6,5,3,0,3,1,0,0
6,5,3,0,3,1,0,0
5,5,3,0,3,5,.2,0
6,5,3,0,3,1,0,0
5,5,3,0,3,5,.4,0
4,5,3,0,3,5,0,0
6,5,3,0,3,1,0,0
6,5,3,0,3,1,0,0
6,5,3,0,3,2,0,0
6,5,3,0,3,4,0,0
4,5,3,0,3,3,.2,0
6,5,3,0,3,1,0,0
4,5,3,0,3,3,.4,1
6,5,3,0,3,4,.3,0
4,5,3,0,3,1,.2,0
6,6,3,0,3,4,.1,0
4,5,3,0,3,8,.1,1
6,6,3,0,3,5,0,0
6,6,3,0,3,5,.2,1
6,5,3,0,3,4,.1,0
6,6,3,0,3,6,.1,0
6,5,3,0,3,1,0,0
6,5,3,0,3,1,1,1
6,6,3,0,3,3,.2,0
6,6,3,0,3,4,0,0
6,6,3,0,3,4,0,0
6,6,3,0,3,7,0,0
6,6,3,0,3,3,0,0
6,6,3,0,3,5,0,0
6,7,3,0,3,8,.2,1
6,6,3,0,3,2,0,0
6,6,3,0,3,3,.2,1
6,6,3,0,3,2,.3,0
4,6,3,0,3,25,.2,0
4,6,3,0,3,26,.2,0
4,6,3,0,3,25,.2,0
4,6,3,0,3,25,.2,0
4,6,3,0,3,24,.2,0
4,7,3,0,3,20,.3,0
4,6,3,0,3,22,.3,0
4,7,3,0,3,20,.2,0
4,6,3,0,3,22,.3,0
4,6,3,0,3,20,.2,0
4,2,3,0,3,21,.3,0
4,6,3,0,3,22,.3,0
4,7,3,0,3,21,.2,0
4,6,3,0,3,21,.2,0
4,7,3,0,3,23,.3,0
4,6,3,0,3,20,.3,0
4,7,3,0,3,25,.2,0
4,6,3,0,3,19,.3,0
4,7,3,0,3,26,.2,0
4,7,3,0,3,26,.2,0
4,6,3,0,3,30,.4,1
4,7,3,0,3,27,.2,0
4,6,3,0,3,29,.4,0
4,6,3,0,3,29,.4,1
4,7,3,0,3,27,.3,1
4,6,3,0,3,28,.3,0
4,7,3,0,3,28,.3,1
4,6,3,0,3,29,.3,0
4,6,3,0,3,28,.3,0
4,7,3,0,3,29,.3,0
4,7,3,0,3,30,.4,0
4,7,3,0,3,26,.2,0
4,7,3,0,3,30,.4,0
4,7,3,0,3,31,.4,0
4,2,3,0,3,27,.2,0
4,2,3,0,3,26,.2,0
4,2,3,0,3,24,.3,0
4,2,3,0,3,22,.2,0
4,7,3,0,3,23,.3,0
6,7,3,0,3,7,.3,1
6,7,3,0,3,7,.3,1
6,6,3,0,3,1,0,0
4,7,3,0,3,5,0,0
6,6,3,0,3,7,.1,0
6,6,3,0,3,2,0,0
6,7,3,0,3,7,.1,1
6,3,3,0,3,1,1,1
6,4,3,0,3,1,0,0
5,6,3,0,3,1,0,0
6,6,3,0,3,6,0,0
4,2,3,0,3,5,0,0
5,7,3,0,3,7,0,0
6,6,3,0,3,1,0,0
6,7,3,0,3,4,.3,1
6,7,3,0,3,6,.1,0
5,7,3,0,3,3,0,0
6,7,3,0,3,5,.3,0
6,7,3,0,3,2,.3,1
6,7,3,0,3,7,.2,1
6,6,3,0,3,2,.1,0
6,6,3,0,3,2,.2,0
5,6,3,0,3,4,.1,0
6,2,3,0,3,5,0,0
5,6,3,0,3,5,0,0
6,6,3,0,3,1,0,0
5,2,3,0,3,6,.2,0
6,3,3,0,3,7,0,0
4,6,3,0,3,2,.3,0
5,2,3,0,3,7,0,0
6,2,3,0,3,5,0,0
6,3,3,0,3,1,0,0
6,7,3,0,3,8,.2,0
4,7,3,0,3,31,.4,1
4,7,3,0,3,30,.3,1
4,7,3,0,3,31,.4,1
4,2,3,0,3,32,.4,0
6,7,3,0,3,8,.1,1
4,7,3,0,3,33,.4,0
4,7,3,0,3,1,.6,1
4,7,3,0,3,29,.3,1
4,2,3,0,3,27,.2,0
4,2,3,0,3,28,.2,0
4,2,3,0,3,27,.2,0
4,2,3,0,3,25,.3,0
4,2,3,0,3,23,.2,0
4,2,3,0,3,23,.3,0
4,2,3,0,3,22,.2,0
4,2,3,0,3,20,.3,1
5,3,3,0,3,1,0,0
6,3,3,0,3,1,.5,1
4,7,3,0,3,9,.1,1
6,2,3,0,3,2,0,0
6,3,3,0,3,1,0,0
6,2,3,0,3,1,0,0
6,3,3,0,3,1,.5,1
6,3,3,0,3,1,0,0
6,2,3,0,3,2,.7,1
6,3,3,0,3,1,.5,1
5,7,3,0,3,10,.4,0
6,3,3,0,3,1,.5,1
5,3,3,0,3,1,0,0
6,3,3,0,3,1,0,0
6,3,3,0,3,1,0,0
4,1,3,0,3,34,.4,0
4,1,3,0,3,32,.4,0
4,1,3,0,3,32,.4,0
4,1,3,0,3,31,.3,0
4,1,3,0,3,30,.3,0
4,1,3,0,3,30,.3,0
4,1,3,0,3,28,.2,0
4,1,3,0,3,28,.2,0
6,2,3,0,3,2,0,0
4,2,3,0,3,4,.4,0
6,2,3,0,3,3,.3,0
6,2,3,0,3,6,.1,1
4,1,3,0,3,27,.2,0
4,1,3,0,3,29,.2,0
4,1,3,0,3,28,.2,1
4,1,3,0,3,26,.3,1
4,1,3,0,3,24,.3,1
4,1,3,0,3,24,.2,0
4,1,3,0,3,24,.3,1
4,1,3,0,3,23,.2,0
6,2,3,0,3,5,0,0
4,1,3,0,3,21,.3,1
4,1,3,0,3,21,.3,0
6,3,3,0,3,5,.3,0
6,2,3,0,3,8,.3,1
4,2,3,0,3,6,0,0
6,2,3,0,3,4,.2,0
6,3,3,0,3,5,.1,0
6,2,3,0,3,1,.5,1
4,1,3,0,3,35,.4,1
4,1,3,0,3,33,.4,1
4,1,3,0,3,33,.4,0
4,1,3,0,3,32,.3,0
4,1,3,0,3,31,.3,0
4,1,3,0,3,31,.3,0
4,1,3,0,3,29,.2,0
4,1,3,0,3,29,.2,0
4,1,3,0,3,28,.2,0
4,1,3,0,3,30,.2,0
4,1,3,0,3,29,.2,0
4,1,3,0,3,27,.3,1
4,1,3,0,3,25,.3,0
4,1,3,0,3,25,.2,0
4,1,3,0,3,25,.3,1
4,2,3,0,3,24,.2,0
4,2,3,0,3,22,.3,0
4,2,3,0,3,22,.3,0
4,2,3,0,3,36,.4,0
4,2,3,0,3,34,.4,0
4,2,3,0,3,34,.4,0
4,2,3,0,3,33,.3,0
4,2,3,0,3,32,.3,0
4,2,3,0,3,32,.3,0
4,3,3,0,3,30,.2,0
4,2,3,0,3,30,.2,0
4,2,3,0,3,29,.2,0
4,3,3,0,3,31,.2,0
4,3,3,0,3,30,.2,0
4,3,3,0,3,28,.3,0
6,2,3,0,3,1,.5,1
6,2,3,0,3,3,0,0
6,2,3,0,3,5,.1,0
4,2,3,0,3,35,.4,0
4,3,3,0,3,36,.4,0
4,2,3,0,3,30,.2,0
4,3,3,0,3,31,.2,0
4,2,3,0,3,26,.3,0
4,2,3,0,3,34,.3,0
4,2,3,0,3,33,.3,0
4,2,3,0,3,33,.3,0
4,2,3,0,3,31,.2,0
4,2,3,0,3,31,.2,0
4,2,3,0,3,27,.3,0
4,2,3,0,3,23,.3,1
4,3,3,0,3,35,.3,0
4,3,3,0,3,34,.3,0
4,3,3,0,3,34,.3,0
4,3,3,0,3,32,.2,0
4,3,3,0,3,28,.3,0
4,3,3,0,3,26,.2,0
4,3,3,0,3,26,.3,0
4,3,3,0,3,24,.3,0
4,2,3,0,3,35,.4,0
4,3,3,0,3,36,.4,0
4,3,3,0,3,37,.4,0
6,3,3,0,3,1,0,0
5,2,3,0,3,5,.1,0
6,2,3,0,3,8,.3,0
6,2,3,0,3,6,0,0
6,2,3,0,3,5,0,0
6,2,3,0,3,4,0,0
4,2,3,0,3,4,.2,0
6,2,3,0,3,5,0,0
6,5,3,0,3,6,.3,0
6,2,3,0,3,7,.1,0
6,2,3,0,3,2,0,0
6,3,3,0,3,1,0,0
6,3,3,0,3,1,.5,0
6,2,3,0,3,3,0,0
6,2,3,0,3,2,0,0
6,2,3,0,3,4,.3,1
6,2,3,0,3,6,.4,0
6,3,3,0,3,1,0,0
6,3,3,0,3,6,.1,0
4,3,3,0,3,5,.4,0
6,3,3,0,3,8,.1,0
6,2,3,0,3,6,0,0
6,3,3,0,3,6,0,0
6,3,3,0,3,7,.1,0
6,3,3,0,3,7,.1,0
5,3,3,0,3,8,0,0
6,3,3,0,3,4,0,0
6,4,3,0,3,7,.1,0
6,3,3,0,3,9,.3,0
6,3,3,0,3,4,0,0
4,3,3,0,3,37,.4,0
4,4,3,0,3,38,.4,1
4,4,3,0,3,32,.2,1
4,3,3,0,3,23,.3,0
6,2,3,0,3,2,.5,0
3,4,3,0,3,4,.1,0
6,3,3,0,3,2,.5,0
6,5,3,0,3,2,1,1
6,3,3,0,3,2,0,0
6,3,3,0,3,2,0,0
6,3,3,0,3,2,.5,0
6,3,3,0,3,2,0,0
4,4,3,0,3,36,.3,1
4,4,3,0,3,35,.3,0
4,4,3,0,3,35,.3,1
4,4,3,0,3,32,.2,1
4,4,3,0,3,33,.2,1
4,4,3,0,3,32,.2,1
4,4,3,0,3,31,.2,1
4,4,3,0,3,29,.3,0
4,4,3,0,3,29,.3,1
4,4,3,0,3,27,.2,1
4,4,3,0,3,27,.3,1
4,4,3,0,3,25,.3,1
4,4,3,0,3,37,.3,1
4,4,3,0,3,36,.3,1
4,5,3,0,3,34,.2,0
4,3,3,0,3,37,.4,0
4,3,3,0,3,25,.2,1
4,3,3,0,3,38,.4,0
4,4,3,0,3,39,.4,1
6,3,3,0,3,8,0,0
6,3,3,0,3,6,0,0
6,3,3,0,3,9,.1,0
6,4,3,0,3,1,0,0
6,3,3,0,3,3,.2,0
6,3,3,0,3,1,0,0
6,3,3,0,3,1,0,0
4,3,3,0,3,1,0,0
6,3,3,0,3,3,0,0
6,3,3,0,3,1,0,0
6,3,3,0,3,2,.5,0
6,3,3,0,3,2,0,0
6,3,3,0,3,2,.5,0
6,3,3,0,3,2,0,0
4,4,3,0,3,39,.4,0
4,4,3,0,3,40,.4,0
4,4,3,0,3,33,.2,0
4,4,3,0,3,24,.3,0
4,4,3,0,3,25,.3,1
6,4,3,0,3,8,.1,0
6,3,3,0,3,9,.2,0
5,3,3,0,3,11,.4,0
6,4,3,0,3,5,0,0
6,4,3,0,3,3,.3,0
6,4,3,0,3,3,.1,0
6,4,3,0,3,8,.3,0
6,4,3,0,3,3,0,0
6,3,3,0,3,2,.5,0
6,4,3,0,3,6,0,0
4,4,3,0,3,38,.3,0
4,4,3,0,3,36,.3,0
4,4,3,0,3,33,.2,0
4,4,3,0,3,28,.2,0
4,4,3,0,3,30,.3,1
4,4,3,0,3,30,.3,0
4,4,3,0,3,28,.3,0
4,4,3,0,3,33,.2,0
4,4,3,0,3,37,.3,0
4,4,3,0,3,26,.3,0
4,4,3,0,3,32,.2,0
4,4,3,0,3,38,.4,0
4,4,3,0,3,39,.4,1
4,4,3,0,3,40,.4,1
4,4,3,0,3,40,.4,0
4,4,3,0,3,26,.2,0
4,4,3,0,3,41,.4,1
4,4,3,0,3,27,.2,0
6,4,3,0,3,1,.5,1
6,4,3,0,3,2,.5,1
5,4,3,0,3,8,0,0
4,4,3,0,3,7,0,0
6,4,3,0,3,8,.2,0
6,5,3,0,3,1,0,0
6,4,3,0,3,6,.3,0
6,4,3,0,3,3,0,0
6,5,3,0,3,1,0,0
6,4,3,0,3,1,.5,0
6,4,3,0,3,7,0,0
5,4,3,0,3,6,.1,0
4,5,3,0,3,6,0,0
6,5,3,0,3,6,0,0
4,5,3,0,3,6,.4,0
6,5,3,0,3,10,.1,0
6,4,3,0,3,7,0,0
6,5,3,0,3,7,0,0
4,5,3,0,3,10,.1,0
5,5,3,0,3,1,0,0
5,4,3,0,3,12,.4,1
6,5,3,0,3,2,0,0
6,5,3,0,3,2,0,0
6,5,3,0,3,2,0,0
4,5,3,0,3,42,.4,0
4,5,3,0,3,41,.4,0
4,5,3,0,3,41,.4,0
4,5,3,0,3,39,.3,0
4,5,3,0,3,40,.3,0
6,5,3,0,3,9,.3,0
6,5,3,0,3,3,.7,0
4,5,3,0,3,37,.3,1
4,5,3,0,3,38,.3,1
4,5,3,0,3,34,.2,0
4,5,3,0,3,34,.2,0
4,5,3,0,3,35,.2,0
4,5,3,0,3,29,.2,0
4,5,3,0,3,28,.2,0
4,5,3,0,3,30,.2,0
4,5,3,0,3,26,.3,0
4,5,3,0,3,43,.4,0
4,5,3,0,3,42,.4,0
4,5,3,0,3,42,.4,0
4,5,3,0,3,31,.3,1
4,5,3,0,3,31,.3,0
4,5,3,0,3,32,.3,1
4,5,3,0,3,35,.2,1
4,5,3,0,3,35,.2,0
4,5,3,0,3,29,.3,0
4,5,3,0,3,30,.3,1
4,5,3,0,3,29,.2,1
4,5,3,0,3,27,.3,1
4,5,3,0,3,44,.4,1
4,5,3,0,3,34,.2,0
4,5,3,0,3,35,.2,0
4,5,3,0,3,38,.3,0
4,5,3,0,3,39,.3,0
4,5,3,0,3,27,.3,0
4,5,3,0,3,28,.3,1
4,5,3,0,3,33,.2,0
4,5,3,0,3,34,.2,1
6,5,3,0,3,7,0,0
6,5,3,0,3,4,.2,1
4,5,3,0,3,2,0,0
6,5,3,0,3,7,0,0
6,5,3,0,3,4,0,0
6,5,3,0,3,5,.3,0
6,5,3,0,3,5,.3,0
2,4,3,1,1,1,0,0
2,3,3,1,1,1,0,0
3,3,3,1,1,1,0,0
2,3,3,1,1,1,0,0
4,3,3,1,1,1,.1,0
4,3,3,1,1,1,.1,0
4,3,3,1,1,1,0,0
1,3,3,1,1,1,0,0
2,3,3,1,1,1,.1,0
5,3,3,1,1,1,0,0
3,3,3,1,1,1,.1,0
3,3,3,1,1,1,0,0
2,3,3,1,1,1,.1,0
1,3,3,1,1,1,.1,0
4,3,3,1,1,1,0,0
4,3,3,1,1,1,.2,0
3,3,3,1,1,1,0,0
3,3,3,1,1,1,.4,1
3,3,3,1,1,2,.4,0
2,3,3,1,1,1,0,0
1,3,3,1,1,1,0,0
2,3,3,1,1,1,0,0
2,3,3,1,1,1,0,0
3,3,3,1,1,1,.1,0
4,3,3,1,1,1,.2,0
3,3,3,1,1,1,.1,0
4,3,3,1,1,1,.1,0
2,3,3,1,1,1,.3,0
4,3,3,1,1,1,.2,1
2,3,3,1,1,1,0,0
3,3,3,1,1,1,.1,0
3,3,3,1,1,1,0,0
3,3,3,1,1,1,.2,0
3,4,3,1,1,2,0,0
3,3,3,1,1,1,0,0
3,3,3,0,1,1,.1,0
3,3,3,0,1,5,0,0
3,3,3,0,1,1,0,0
3,3,3,0,1,1,.8,1
2,3,3,0,1,1,.2,0
3,3,3,0,1,1,0,0
2,3,3,0,1,1,0,0
3,3,3,0,1,1,.2,0
3,3,3,0,1,1,.3,1
2,3,3,0,1,1,0,0
3,3,3,0,1,1,.1,0
3,3,3,0,1,1,.2,0
3,3,3,0,1,1,0,0
3,3,3,0,1,1,.1,0
3,3,3,0,1,1,0,0
3,3,3,0,1,1,0,0
3,3,3,0,1,1,0,0
2,3,3,0,1,1,0,0
3,3,3,0,1,1,.1,0
3,3,3,0,1,1,0,0
3,3,3,0,1,1,.1,0
3,3,3,0,1,1,.1,0
3,3,3,0,1,1,.1,0
3,3,3,0,1,1,.2,0
3,3,3,0,1,1,.2,1
2,3,3,0,1,2,.3,1
3,3,3,0,1,1,.3,1
3,3,3,1,1,1,.2,0
2,3,3,1,1,1,.4,0
1,3,3,1,1,1,0,0
2,3,3,1,1,1,.1,0
2,3,3,0,1,2,.3,0
2,3,3,1,1,1,0,0
3,3,3,0,1,1,.3,0
2,3,3,0,1,1,.1,0
3,3,3,0,1,1,0,0
3,3,3,0,1,1,0,0
3,3,3,0,1,1,0,0
2,3,3,0,1,1,.4,0
3,3,3,0,1,1,0,0
3,3,3,0,1,1,.1,0
3,3,3,0,1,1,0,0
3,3,3,0,1,1,.1,0
2,3,3,1,1,1,.1,0
1,3,3,1,1,1,0,0
1,3,3,1,1,1,0,0
1,3,3,0,1,1,.4,0
3,3,3,1,1,1,.1,0
2,4,3,1,1,1,0,0
1,3,3,1,1,1,1,1
3,4,3,1,1,1,0,0
3,3,3,1,1,1,0,0
3,3,3,0,1,1,.2,1
3,4,3,1,1,1,0,0
4,4,3,1,1,2,0,0
3,3,3,1,1,1,0,0
3,4,3,1,1,1,.2,0
1,3,3,1,1,1,0,0
1,4,3,1,1,1,0,0
1,4,3,1,1,1,0,0
4,3,3,1,1,1,.1,0
3,4,3,1,1,3,.4,1
3,4,3,1,1,4,.4,1
3,3,3,1,1,1,0,0
1,4,3,1,1,1,0,0
2,3,3,1,1,1,.1,0
2,3,3,1,1,1,.3,0
1,3,3,1,1,1,.4,1
5,3,3,1,1,2,0,0
5,4,3,1,1,3,0,0
2,3,3,1,1,2,.3,0
3,3,3,1,1,1,.2,0
3,3,3,1,1,1,.9,1
1,3,3,1,1,1,0,0
3,3,3,1,1,1,.2,0
2,3,3,1,1,2,.1,0
2,4,3,1,1,1,0,0
4,4,3,1,1,1,.5,0
4,4,3,1,1,2,.1,0
2,4,3,1,1,2,0,0
1,3,3,1,1,1,0,0
2,4,3,1,1,1,0,0
3,4,3,1,1,1,.2,0
4,4,3,1,1,1,0,0
3,3,3,0,1,1,.1,0
3,4,3,1,1,1,.2,1
3,4,3,1,1,1,0,0
3,4,3,1,1,2,0,0
3,4,3,1,1,1,0,0
2,4,3,1,1,2,.1,0
2,5,3,1,1,2,0,0
2,6,3,1,1,3,0,0
4,4,3,1,1,1,.2,1
2,4,3,1,1,1,.3,1
3,4,3,1,1,2,.2,0
3,4,3,1,1,2,0,0
4,4,3,1,1,1,0,0
3,4,3,1,1,2,.1,0
4,4,3,1,1,1,.4,1
3,4,3,1,1,1,.2,1
4,4,3,1,1,2,.1,0
2,4,3,1,1,1,.1,0
3,4,3,1,1,1,.1,0
4,4,3,1,1,1,0,0
3,4,3,1,1,1,.1,0
1,4,3,1,1,1,.2,0
3,4,3,1,1,1,.1,0
4,4,3,1,1,1,0,0
3,4,3,0,1,1,.3,0
2,4,3,0,1,1,0,0
3,4,3,1,1,3,.4,0
3,4,3,0,1,2,.1,0
1,4,3,0,1,1,.2,0
2,4,3,0,1,1,.2,0
3,4,3,0,1,2,0,0
3,4,3,0,1,2,0,0
2,4,3,0,1,1,.4,0
3,4,3,0,1,1,.3,0
3,4,3,0,1,2,0,0
2,4,3,0,1,2,.2,0
2,4,3,0,1,1,.3,1
3,4,3,0,1,3,0,0
3,4,3,0,1,2,.1,0
3,4,3,0,1,2,.2,0
3,4,3,0,1,2,.1,0
2,4,3,0,1,1,.6,0
3,4,3,0,1,2,.2,0
3,4,3,0,1,2,.2,0
2,4,3,0,1,1,.3,0
3,4,3,0,1,2,.1,0
2,4,3,0,1,3,.3,0
2,4,3,0,1,3,.3,0
2,4,3,0,1,2,0,0
3,4,3,0,1,2,0,0
2,4,3,1,1,3,.3,1
3,4,3,0,1,2,0,0
1,4,3,1,1,1,.3,0
3,4,3,0,1,2,0,0
3,4,3,0,1,1,0,0
2,4,3,0,1,2,.4,1
3,4,3,0,1,2,0,0
3,4,3,1,1,1,.1,0
3,4,3,0,1,1,.1,0
2,4,3,1,1,2,.1,0
3,4,3,1,1,1,.2,0
3,4,3,1,1,1,.1,0
3,4,3,1,1,2,.1,1
2,4,3,1,1,3,.1,0
1,4,3,1,1,1,.1,1
4,4,3,1,1,1,0,0
3,4,3,1,1,2,0,0
3,5,3,1,1,2,.1,0
2,5,3,1,1,2,0,0
4,4,3,1,1,1,0,0
3,4,3,1,1,1,.2,0
1,4,3,1,1,2,0,0
4,5,3,1,1,2,.5,0
2,4,3,1,1,4,.3,1
2,4,3,0,1,2,.2,1
1,5,3,1,1,2,0,0
1,4,3,1,1,1,.3,0
2,5,3,1,1,2,.1,0
1,5,3,1,1,2,0,0
3,5,3,1,1,5,.4,0
3,5,3,1,1,6,.4,0
3,5,3,1,1,1,0,0
4,5,3,1,1,3,0,0
4,5,3,1,1,3,0,0
2,5,3,1,1,2,.4,0
4,5,3,1,1,1,0,0
3,5,3,1,1,2,0,0
4,5,3,1,1,1,.1,0
3,5,3,1,1,3,0,0
3,5,3,1,1,2,0,0
3,4,3,1,1,2,.9,0
3,5,3,1,1,3,0,0
6,4,3,1,1,1,0,0
4,5,3,1,1,3,.1,0
3,5,3,1,1,1,0,0
3,5,3,1,1,1,0,0
3,5,3,1,1,1,.1,0
2,5,3,1,1,1,0,0
2,5,3,1,1,2,0,0
3,5,3,1,1,1,0,0
3,5,3,1,1,3,0,0
4,5,3,1,1,1,0,0
2,5,3,1,1,1,0,0
2,5,3,1,1,2,0,0
2,5,3,1,1,2,0,0
4,5,3,1,1,2,.4,0
4,5,3,1,1,3,.1,0
3,5,3,1,1,2,.2,0
2,5,3,1,1,3,.1,0
3,5,3,1,1,2,.2,0
3,5,3,1,1,3,.1,0
2,5,3,1,1,1,0,0
2,5,3,1,1,3,.1,0
4,5,3,1,1,2,.1,0
3,4,3,1,1,2,.2,1
3,4,3,1,1,1,.2,1
3,4,3,1,1,3,.2,1
3,4,3,1,1,2,.2,1
2,5,3,1,1,1,.1,0
3,5,3,1,1,2,.2,0
4,5,3,1,1,2,0,0
3,6,3,1,1,5,0,0
3,7,3,1,1,4,0,0
3,7,3,1,1,1,.3,0
3,7,3,1,1,6,0,0
3,5,3,0,1,1,0,0
3,5,3,0,1,2,.1,1
3,5,3,0,1,3,0,0
3,5,3,0,1,3,.1,0
2,5,3,0,1,2,0,0
3,5,3,0,1,4,0,0
2,5,3,0,1,4,.3,0
2,5,3,1,1,1,0,0
3,5,3,1,1,2,.1,0
2,5,3,0,1,2,.4,0
3,5,3,0,1,2,0,0
3,5,3,0,1,1,0,0
3,5,3,0,1,5,0,0
3,5,3,0,1,2,0,0
3,5,3,0,1,2,.8,1
2,5,3,0,1,4,.3,0
3,5,3,0,1,3,.1,0
2,5,3,1,1,2,.1,0
2,5,3,0,1,2,0,0
2,5,3,0,1,3,0,0
2,5,3,0,1,3,0,0
3,5,3,0,1,6,0,0
3,5,3,0,1,3,.2,0
3,5,3,0,1,2,0,0
3,5,3,0,1,4,.2,0
3,5,3,0,1,2,.2,0
3,5,3,0,1,1,.2,0
3,5,3,0,1,1,0,0
3,5,3,0,1,5,.1,1
3,5,3,0,1,2,0,0
2,5,3,1,1,4,.1,0
3,5,3,0,1,3,0,0
3,5,3,0,1,3,.3,1
3,5,3,0,1,2,.7,1
3,5,3,0,1,2,.1,0
2,5,3,1,1,5,.1,0
3,5,3,1,1,1,.2,0
2,5,3,1,1,1,.3,1
3,5,3,1,1,3,.1,0
3,5,3,1,1,2,.2,1
2,5,3,0,1,3,.2,1
3,5,3,1,1,2,0,0
3,6,3,1,1,2,0,0
4,6,3,1,1,4,.1,1
3,5,3,1,1,2,0,0
3,6,3,1,1,2,.2,0
3,5,3,0,1,3,.2,0
2,5,3,0,1,2,0,0
2,6,3,1,1,2,0,0
3,5,3,0,1,2,.1,0
1,6,3,1,1,2,0,0
1,5,3,1,1,2,.4,0
3,6,3,1,1,2,.1,0
3,6,3,1,1,2,.1,0
3,6,3,1,1,2,0,0
1,5,3,1,1,2,0,0
3,6,3,1,1,3,0,0
3,6,3,1,1,3,.2,0
4,5,3,1,1,2,.1,0
3,6,3,1,1,7,.4,0
3,6,3,1,1,8,.4,0
3,5,3,1,1,2,0,0
3,6,3,1,1,7,.2,0
3,6,3,1,1,4,.1,0
1,6,3,1,1,3,0,0
3,5,3,1,1,1,.7,0
3,6,3,1,1,4,0,0
3,5,3,1,1,3,.9,1
3,5,3,1,1,1,.5,0
3,6,3,1,1,3,0,0
3,6,3,1,1,2,0,0
3,6,3,1,1,3,0,0
3,5,3,1,1,2,.1,0
3,5,3,1,1,4,.2,0
2,5,3,0,1,2,.3,0
3,5,3,0,1,4,0,0
2,5,3,1,1,3,.1,1
4,5,3,1,1,1,.5,1
2,7,3,1,1,3,.1,0
2,5,3,1,1,2,.3,0
2,6,3,1,1,4,.1,0
2,6,3,1,1,2,.1,0
2,6,3,1,1,3,0,0
4,6,3,1,1,1,.2,0
1,6,3,1,1,2,0,0
2,6,3,1,1,2,.1,0
1,5,3,1,1,1,.3,0
3,6,3,1,1,3,.2,0
4,6,3,1,1,2,0,0
6,6,3,1,1,2,0,0
1,5,3,1,1,3,0,0
3,6,3,1,1,1,0,0
1,5,3,0,1,2,.2,0
2,6,3,1,1,3,0,0
2,6,3,1,1,2,0,0
3,5,3,1,1,3,.2,0
2,5,3,1,1,1,0,0
4,6,3,1,1,4,.1,1
2,7,3,1,1,2,0,0
2,6,3,1,1,2,0,0
4,6,3,1,1,3,.4,0
4,5,3,1,1,1,.1,0
2,7,3,1,1,3,0,0
3,6,3,1,1,4,0,0
3,6,3,1,1,3,.1,0
2,6,3,1,1,4,.1,0
4,6,3,1,1,3,.1,0
3,6,3,1,1,2,.1,0
4,6,3,1,1,2,0,0
3,6,3,1,1,1,.2,0
3,2,3,1,1,5,0,0
3,2,3,1,1,7,0,0
3,6,3,0,1,2,.1,0
3,6,3,0,1,4,.1,0
3,6,3,0,1,6,0,0
3,6,3,0,1,3,.1,0
2,6,3,0,1,4,0,0
3,6,3,0,1,4,0,0
2,6,3,0,1,2,.6,1
2,6,3,0,1,2,0,0
3,6,3,0,1,5,.1,0
3,6,3,0,1,5,0,0
3,6,3,0,1,1,.1,0
2,6,3,0,1,3,0,0
2,6,3,0,1,4,.2,0
3,6,3,0,1,2,.3,0
3,6,3,0,1,3,.2,0
2,6,3,0,1,2,.6,1
3,6,3,0,1,2,0,0
3,6,3,0,1,3,0,0
3,6,3,0,1,3,.2,0
3,6,3,0,1,2,.1,0
3,6,3,0,1,3,.1,1
3,6,3,0,1,3,0,0
2,6,3,0,1,3,0,0
3,6,3,0,1,3,.1,0
1,6,3,0,1,3,.2,0
3,6,3,0,1,2,.3,0
3,6,3,0,1,3,0,0
2,6,3,0,1,3,.2,0
4,6,3,1,1,3,.1,0
1,6,3,1,1,4,.1,0
3,6,3,1,1,2,.2,0
2,6,3,1,1,4,.1,0
3,6,3,0,1,3,0,0
3,6,3,1,1,4,0,0
1,6,3,1,1,2,.3,0
3,6,3,0,1,4,0,0
3,6,3,0,1,3,0,0
3,6,3,0,1,4,.3,0
3,6,3,0,1,3,0,0
2,6,3,0,1,3,.4,1
3,6,3,0,1,3,0,0
2,6,3,0,1,4,.1,0
3,6,3,0,1,3,.7,0
3,6,3,1,1,2,.2,0
2,6,3,1,1,2,.3,0
2,6,3,1,1,6,.1,0
2,6,3,1,1,3,.3,0
3,7,3,1,1,3,.2,0
2,6,3,0,1,5,.3,0
3,2,3,1,1,4,.2,0
3,6,3,1,1,3,.2,1
1,6,3,1,1,2,.1,0
4,2,3,1,1,5,.1,0
3,6,3,1,1,3,0,0
2,7,3,1,1,3,0,0
3,7,3,1,1,1,.1,0
3,2,3,1,1,3,0,0
1,7,3,1,1,3,0,0
3,7,3,1,1,2,.2,0
4,7,3,1,1,2,0,0
1,6,3,1,1,2,0,0
3,6,3,0,1,3,.1,0
3,2,3,1,1,4,.1,0
4,6,3,1,1,4,.1,0
4,7,3,1,1,5,.1,0
1,6,3,1,1,3,.4,0
3,7,3,1,1,9,.4,0
3,2,3,1,1,10,.4,1
3,2,3,1,1,11,.4,0
2,2,3,1,1,4,.1,0
4,2,3,1,1,6,.1,0
3,2,3,1,1,3,.2,0
1,2,3,1,1,4,0,0
3,2,3,1,1,4,0,0
2,7,3,1,1,4,0,0
3,2,3,1,1,5,0,0
2,6,3,0,1,2,.3,0
1,2,3,1,1,3,0,0
1,7,3,1,1,4,0,0
1,6,3,0,1,2,.4,1
3,2,3,1,1,2,0,0
2,2,3,1,1,5,0,0
4,6,3,1,1,1,.5,0
1,6,3,1,1,3,0,0
3,7,3,1,1,3,.1,0
4,7,3,1,1,2,0,0
3,2,3,1,1,4,0,0
3,6,3,1,1,2,.5,1
2,7,3,1,1,3,.1,0
2,7,3,1,1,3,.4,0
3,6,3,1,1,2,.7,0
3,6,3,1,1,3,.1,0
1,7,3,1,1,2,0,0
1,7,3,1,1,3,0,0
1,7,3,1,1,4,0,0
4,6,3,1,1,2,.2,1
2,7,3,1,1,5,.1,0
3,6,3,0,1,5,0,0
4,2,3,1,1,2,.2,0
3,2,3,1,1,3,.1,0
2,7,3,1,1,3,0,0
1,2,3,1,1,3,0,0
3,2,3,1,1,2,0,0
4,7,3,1,1,2,0,0
4,7,3,1,1,2,0,0
3,2,3,1,1,4,.2,0
4,7,3,1,1,5,.1,0
4,2,3,1,1,6,.1,0
1,7,3,1,1,2,0,0
2,7,3,1,1,1,.1,0
3,7,3,1,1,5,0,0
3,7,3,0,1,6,0,0
3,7,3,0,1,7,0,0
2,7,3,1,1,2,.3,0
3,7,3,1,1,3,.7,0
3,2,3,1,1,3,.1,0
4,2,3,1,1,2,0,0
3,2,3,1,1,3,0,0
1,2,3,1,1,2,.2,0
3,7,3,1,1,1,.3,0
2,2,3,1,1,1,.1,0
3,7,3,1,1,8,.2,0
2,7,3,1,1,3,0,0
2,7,3,1,1,4,0,0
2,2,3,1,1,4,0,0
3,2,3,1,1,4,0,0
2,7,3,0,1,3,0,0
2,7,3,0,1,3,0,0
3,7,3,0,1,4,.1,0
2,7,3,0,1,5,0,0
3,7,3,0,1,4,0,0
3,7,3,0,1,4,.2,0
2,7,3,0,1,6,.3,0
3,7,3,0,1,3,0,0
3,7,3,0,1,3,.3,1
2,7,3,0,1,4,0,0
3,7,3,0,1,7,0,0
3,7,3,0,1,3,.8,0
3,7,3,0,1,6,0,0
3,7,3,0,1,4,.1,0
3,7,3,0,1,4,.2,1
3,7,3,0,1,3,0,0
4,7,3,1,1,1,0,0
2,2,3,1,1,4,0,0
2,3,3,1,1,5,0,0
1,7,3,1,1,2,.3,0
1,7,3,1,1,1,.3,1
2,7,3,1,1,3,.1,0
1,7,3,1,1,5,.1,0
1,7,3,1,1,6,.1,1
3,7,3,0,1,5,.1,0
3,7,3,0,1,20,0,0
3,7,3,0,1,4,.1,0
3,7,3,0,1,4,0,0
2,7,3,0,1,4,.4,1
3,7,3,0,1,5,.3,0
3,7,3,0,1,3,0,0
3,7,3,0,1,4,.1,0
3,7,3,0,1,4,0,0
3,7,3,0,1,4,0,0
3,7,3,0,1,3,.1,1
3,7,3,0,1,4,0,0
3,7,3,0,1,4,0,0
2,7,3,1,1,5,.3,0
2,7,3,0,1,3,.6,1
3,7,3,1,1,3,.2,0
3,7,3,1,1,3,.2,0
2,7,3,1,1,7,.1,0
2,7,3,1,1,8,.1,0
3,7,3,0,1,3,.1,0
3,7,3,0,1,2,.2,1
3,7,3,0,1,4,.2,0
2,7,3,1,1,9,.1,0
6,7,3,1,1,3,0,0
1,7,3,0,1,3,.4,0
5,7,3,1,1,4,0,0
2,2,3,1,1,2,0,0
3,7,3,1,1,5,.2,1
4,7,3,1,1,6,.1,0
1,2,3,1,1,2,0,0
2,2,3,0,1,6,.3,0
1,2,3,1,1,4,0,0
3,7,3,1,1,2,0,0
3,2,3,0,1,8,0,0
3,2,3,0,1,7,0,0
3,2,3,0,1,6,.2,1
3,2,3,0,1,3,.1,0
3,2,3,0,1,4,0,0
3,2,3,0,1,4,.8,1
3,2,3,1,1,3,0,0
3,2,3,0,1,9,0,0
3,2,3,0,1,5,.1,0
3,2,3,0,1,4,0,0
2,2,3,0,1,6,0,0
2,2,3,0,1,4,.6,1
2,2,3,0,1,7,.3,1
3,2,3,0,1,5,.2,0
4,2,3,1,1,1,.2,0
3,2,3,0,1,2,0,0
2,2,3,0,1,3,.3,0
3,2,3,0,1,2,.3,0
2,2,3,0,1,4,.6,0
3,2,3,0,1,2,0,0
2,2,3,0,1,5,0,0
3,2,3,0,1,4,0,0
2,2,3,0,1,4,0,0
3,2,3,0,1,5,.2,0
2,2,3,0,1,4,0,0
3,2,3,0,1,5,0,0
3,2,3,0,1,4,.1,0
4,2,3,1,1,3,0,0
3,2,3,0,1,5,.1,0
3,2,3,1,1,4,.1,0
2,2,3,1,1,4,0,0
2,2,3,1,1,4,.1,0
2,2,3,1,1,5,0,0
3,2,3,1,1,4,.2,0
2,2,3,1,1,3,.1,0
3,2,3,1,1,5,.2,0
2,2,3,1,1,3,0,0
2,2,3,1,1,7,.1,0
4,2,3,1,1,3,.2,0
4,2,3,1,1,5,.1,0
4,2,3,1,1,4,.4,0
3,2,3,1,1,2,.2,0
3,2,3,1,1,10,.2,1
3,2,3,1,1,4,.2,0
2,2,3,1,1,1,0,0
2,2,3,1,1,3,0,0
2,2,3,1,1,5,.1,0
2,2,3,1,1,6,.3,0
3,2,3,1,1,2,0,0
4,2,3,1,1,7,.1,0
2,2,3,1,1,3,0,0
2,2,3,1,1,1,0,0
3,2,3,0,1,5,0,0
3,2,3,0,1,8,0,0
3,2,3,0,1,5,0,0
3,2,3,0,1,5,0,0
3,2,3,0,1,4,0,0
3,2,3,0,1,6,.3,0
2,2,3,0,1,6,.4,0
3,2,3,1,1,4,.2,0
2,2,3,1,1,4,.3,0
2,2,3,1,1,5,.3,0
2,2,3,1,1,10,.1,0
3,2,3,1,1,4,.1,0
2,2,3,1,1,11,.1,0
1,2,3,1,1,5,0,0
5,2,3,1,1,5,0,1
2,3,3,1,1,5,0,0
3,2,3,0,1,5,0,0
3,3,3,1,1,2,.1,0
1,2,3,1,1,7,.1,0
4,2,3,1,1,2,0,0
5,3,3,1,1,6,0,0
3,3,3,1,1,5,.1,0
2,3,3,1,1,2,.2,0
4,3,3,1,1,7,0,0
3,2,3,1,1,5,.2,1
3,2,3,0,1,4,0,0
1,3,3,1,1,5,0,0
1,2,3,1,1,4,.4,1
5,3,3,1,1,1,.1,0
3,2,3,0,1,5,.1,0
3,3,3,1,1,12,.4,0
1,3,3,1,1,5,0,0
3,3,3,1,1,13,.4,0
1,2,3,0,1,4,.2,1
3,3,3,1,1,3,0,0
3,3,3,1,1,2,0,0
1,2,3,1,1,5,.3,0
1,2,3,1,1,2,.4,0
3,2,3,0,1,3,.3,0
4,2,3,1,1,3,.2,0
3,2,3,1,1,4,.7,0
3,2,3,1,1,4,.9,1
3,2,3,0,1,4,.1,0
3,3,3,1,1,4,.1,0
3,2,3,1,1,3,.2,0
3,3,3,1,1,4,0,0
3,2,3,1,1,6,.2,0
3,2,3,1,1,4,.5,0
1,3,3,1,1,3,.4,1
2,2,3,1,1,2,0,0
3,2,3,1,1,2,.1,1
2,3,3,1,1,6,.1,0
1,3,3,1,1,8,.1,0
3,3,3,1,1,6,0,0
3,3,3,1,1,6,0,0
3,3,3,1,1,5,0,0
4,2,3,1,1,1,0,0
3,2,3,1,1,1,0,0
3,3,3,1,1,4,0,0
2,2,3,1,1,3,.3,1
4,2,3,1,1,2,.2,1
3,3,3,1,1,1,0,0
4,3,3,1,1,1,0,0
4,3,3,1,1,2,.2,1
2,2,3,0,1,5,.2,0
2,3,3,1,1,4,0,0
2,3,3,1,1,2,0,0
3,3,3,1,1,5,.1,0
3,3,3,1,1,1,0,0
2,3,3,1,1,4,0,0
3,3,3,1,1,3,0,0
4,3,3,1,1,4,.1,0
2,3,3,1,1,6,0,0
4,3,3,1,1,1,0,0
2,3,3,1,1,4,.1,0
4,3,3,1,1,4,0,0
2,5,3,1,1,6,0,0
3,3,3,1,1,8,0,0
3,3,3,1,1,6,0,0
3,4,3,1,1,7,0,0
3,4,3,1,1,10,0,0
3,3,3,0,1,6,.1,0
2,3,3,0,1,6,0,0
3,3,3,0,1,6,.2,0
3,3,3,0,1,5,0,0
3,3,3,0,1,4,0,0
3,3,3,0,1,5,.8,1
3,3,3,0,1,4,.2,1
3,3,3,0,1,5,0,0
2,3,3,0,1,3,.3,0
3,3,3,0,1,5,.1,0
3,3,3,0,1,3,0,0
2,3,3,0,1,8,.3,1
3,3,3,0,1,6,.1,0
3,3,3,0,1,5,0,0
3,3,3,0,1,5,.1,0
3,3,3,0,1,5,0,0
2,3,3,0,1,5,.6,1
3,3,3,0,1,7,0,0
3,3,3,0,1,3,.1,0
2,3,3,0,1,6,0,0
2,3,3,0,1,5,0,0
3,3,3,0,1,7,.1,0
2,3,3,0,1,5,.6,0
2,3,3,0,1,7,.3,1
2,4,3,1,1,4,0,0
2,4,3,1,1,5,0,0
2,3,3,1,1,4,.1,0
3,3,3,1,1,1,0,0
3,3,3,1,1,5,.2,0
4,3,3,1,1,8,.1,1
2,3,3,1,1,6,.1,0
2,3,3,1,1,7,.3,1
2,3,3,1,1,1,0,0
1,3,3,1,1,1,0,0
1,3,3,1,1,1,0,0
2,3,3,1,1,2,0,0
2,3,3,1,1,1,0,0
1,3,3,1,1,2,.1,0
1,3,3,1,1,1,.2,0
4,3,3,1,1,1,.1,0
3,3,3,0,1,9,0,0
3,3,3,0,1,5,0,0
3,3,3,0,1,6,0,0
3,3,3,0,1,6,0,0
3,3,3,0,1,3,.2,0
3,3,3,0,1,7,.3,1
3,3,3,0,1,6,0,0
2,3,3,0,1,7,.4,0
3,3,3,0,1,6,.1,1
3,3,3,1,1,1,0,0
3,3,3,1,1,2,.1,0
3,3,3,1,1,5,.2,0
3,3,3,1,1,4,.2,0
2,3,3,1,1,12,.1,0
1,3,3,1,1,3,0,0
3,4,3,1,1,6,.2,0
4,3,3,1,1,1,1,1
4,4,3,1,1,7,.1,0
4,3,3,1,1,2,.2,0
2,4,3,1,1,4,0,0
2,4,3,1,1,4,0,0
4,3,3,1,1,6,.1,0
3,4,3,1,1,5,0,0
3,4,3,1,1,5,0,0
2,3,3,0,1,4,0,0
6,3,3,1,1,4,0,0
2,3,3,0,1,6,.2,1
2,4,3,1,1,3,0,0
1,3,3,1,1,3,0,0
1,4,3,1,1,6,0,0
3,4,3,1,1,3,0,0
3,4,3,1,1,6,.1,0
3,4,3,1,1,4,0,0
1,4,3,1,1,6,0,0
3,4,3,1,1,4,.1,0
3,4,3,1,1,8,.4,0
1,3,3,1,1,5,.4,1
4,4,3,1,1,1,0,0
4,4,3,1,1,1,.5,1
2,4,3,1,1,5,.1,0
2,4,3,1,1,1,.1,0
3,4,3,1,1,14,.4,1
3,4,3,1,1,15,.4,1
1,3,3,1,1,3,.2,0
3,3,3,1,1,7,.2,1
1,3,3,1,1,1,0,0
3,3,3,1,1,4,.2,0
3,3,3,1,1,5,.5,1
2,4,3,1,1,6,0,0
3,3,3,1,1,7,.2,0
3,3,3,1,1,5,.9,1
1,3,3,0,1,4,.4,1
3,4,3,1,1,4,0,0
1,4,3,1,1,1,0,0
5,4,3,1,1,7,0,0
2,4,3,1,1,7,.1,0
3,4,3,1,1,7,.2,0
2,4,3,1,1,5,0,0
3,4,3,1,1,7,0,0
3,4,3,1,1,6,0,0
3,4,3,1,1,7,0,0
3,5,3,1,1,6,0,0
3,4,3,1,1,5,.2,0
4,4,3,1,1,3,0,0
3,4,3,1,1,3,.1,0
1,4,3,1,1,2,0,0
1,4,3,1,1,3,0,0
1,4,3,1,1,3,0,0
2,3,3,1,1,1,0,0
3,4,3,1,1,5,.1,0
3,4,3,1,1,4,0,0
4,4,3,1,1,7,.1,0
2,4,3,1,1,7,0,0
2,4,3,1,1,5,0,0
4,4,3,1,1,4,.2,1
3,4,3,1,1,3,.2,0
4,4,3,1,1,5,.4,1
3,3,3,1,1,1,0,0
3,5,3,1,1,11,0,0
2,4,3,1,1,8,.3,0
2,4,3,1,1,2,0,0
1,4,3,1,1,3,.1,0
3,4,3,0,1,6,.2,0
2,4,3,1,1,7,.1,0
4,4,3,1,1,2,.1,0
3,4,3,0,1,6,0,0
3,4,3,0,1,4,.3,1
3,4,3,0,1,10,0,1
2,4,3,0,1,4,.3,0
3,4,3,0,1,4,.3,1
3,4,3,0,1,3,0,0
2,4,3,0,1,3,.4,0
3,4,3,0,1,5,.2,1
3,4,3,1,1,6,.2,0
3,4,3,0,1,8,0,0
2,4,3,0,1,5,0,0
3,4,3,0,1,6,0,0
3,4,3,0,1,6,.1,0
2,4,3,0,1,6,.6,0
3,4,3,0,1,11,0,0
1,4,3,0,1,5,.4,1
2,4,3,0,1,6,0,0
3,4,3,0,1,3,.3,0
2,4,3,0,1,4,.3,0
2,4,3,0,1,7,0,0
2,4,3,0,1,4,.2,0
3,4,3,0,1,8,.1,0
2,4,3,0,1,7,0,0
3,4,3,0,1,6,0,0
3,4,3,0,1,5,.1,0
1,4,3,1,1,2,.3,0
3,4,3,0,1,6,0,0
3,4,3,1,1,5,.1,0
1,4,3,1,1,9,.1,1
3,4,3,0,1,8,0,0
3,4,3,0,1,11,0,0
3,4,3,0,1,7,.1,0
3,4,3,0,1,5,0,0
3,4,3,0,1,7,0,0
2,4,3,0,1,8,.4,0
3,4,3,1,1,6,.2,0
3,4,3,1,1,3,.1,0
3,4,3,1,1,2,0,0
2,4,3,1,1,13,.1,0
1,4,3,1,1,4,0,0
3,5,3,1,1,7,.2,0
2,4,3,1,1,8,.1,1
4,4,3,1,1,2,0,0
4,5,3,1,1,8,.1,1
1,4,3,1,1,4,0,0
2,5,3,1,1,4,0,0
3,5,3,1,1,5,0,0
4,4,3,1,1,1,.4,0
1,4,3,1,1,3,.3,0
2,5,3,1,1,1,0,0
1,5,3,1,1,6,0,0
2,4,3,0,1,5,0,0
3,4,3,0,1,4,.2,0
2,5,3,1,1,5,.4,1
3,4,3,1,1,1,0,0
4,4,3,1,1,3,0,0
3,5,3,1,1,15,.2,0
2,5,3,1,1,5,0,0
3,5,3,1,1,16,.4,1
3,5,3,1,1,17,.4,0
1,5,3,1,1,7,0,0
6,7,3,1,1,1,0,0
3,4,3,1,1,1,.1,0
3,4,3,1,1,3,.2,0
3,5,3,1,1,5,0,0
3,4,3,1,1,6,.5,1
3,4,3,1,1,5,.7,1
4,4,3,1,1,4,.2,0
1,4,3,0,1,5,.2,1
6,4,3,1,1,5,0,0
2,5,3,1,1,5,0,0
4,5,3,1,1,3,.2,0
4,5,3,1,1,3,.2,0
4,5,3,1,1,3,0,0
3,5,3,1,1,7,0,0
2,5,3,1,1,8,.1,1
3,5,3,1,1,8,0,0
3,5,3,1,1,5,0,0
3,5,3,1,1,4,0,0
4,5,3,1,1,3,0,0
2,4,3,1,1,9,.3,0
3,6,3,1,1,7,0,0
3,5,3,1,1,6,.1,0
4,5,3,1,1,4,0,0
1,5,3,1,1,6,.4,1
2,5,3,1,1,5,.1,0
3,5,3,1,1,2,0,0
3,6,3,1,1,8,.2,0
4,5,3,1,1,1,0,0
4,5,3,1,1,1,0,0
2,5,3,1,1,2,0,0
1,5,3,1,1,4,.1,0
2,6,3,1,1,7,0,0
4,5,3,1,1,5,.1,0
2,5,3,1,1,9,0,0
2,5,3,1,1,8,0,0
2,5,3,1,1,6,0,0
2,5,3,1,1,6,0,0
3,5,3,1,1,5,0,0
5,5,3,1,1,8,0,0
4,5,3,1,1,3,.1,0
3,5,3,1,1,8,.2,0
3,6,3,1,1,12,0,0
1,5,3,1,1,4,0,0
1,5,3,1,1,3,.2,0
4,5,3,1,1,5,.2,0
4,5,3,1,1,8,.1,0
3,5,3,1,1,4,.2,1
2,5,3,0,1,5,.2,0
3,5,3,0,1,4,.1,0
3,5,3,0,1,5,0,0
2,5,3,0,1,6,0,0
3,5,3,0,1,6,.1,0
3,5,3,0,1,4,0,0
3,5,3,0,1,7,.1,0
3,5,3,0,1,7,.2,0
3,5,3,0,1,7,.2,1
3,5,3,0,1,6,0,0
2,5,3,0,1,4,.4,0
3,5,3,0,1,9,0,0
1,5,3,1,1,4,.3,0
3,5,3,0,1,6,.1,0
3,5,3,0,1,6,.2,0
3,5,3,0,1,4,.1,0
2,5,3,0,1,7,0,0
3,5,3,0,1,9,.1,0
1,5,3,0,1,6,.4,0
3,5,3,0,1,6,.8,1
3,5,3,0,1,7,.1,0
2,5,3,0,1,8,0,0
2,5,3,1,1,3,0,0
2,5,3,0,1,8,0,0
3,5,3,0,1,8,0,0
3,5,3,0,1,10,.1,0
2,5,3,0,1,7,.2,0
3,5,3,0,1,6,.1,0
3,5,3,0,1,7,.1,0
1,5,3,1,1,2,0,0
3,5,3,0,1,8,0,0
3,5,3,0,1,13,0,0
2,5,3,1,1,4,.4,0
1,5,3,1,1,5,.2,0
3,5,3,0,1,7,0,0
3,5,3,0,1,24,0,0
3,5,3,0,1,5,.1,0
3,5,3,0,1,6,.2,0
3,5,3,0,1,6,0,0
3,5,3,0,1,8,.3,0
2,5,3,1,1,14,.1,0
2,5,3,1,1,6,.3,0
2,5,3,1,1,15,.1,0
3,5,3,1,1,8,0,1
2,5,3,0,1,6,.6,1
1,5,3,1,1,5,0,0
1,5,3,0,1,6,.2,1
4,6,3,1,1,7,.1,0
4,6,3,1,1,9,.1,0
3,5,3,0,1,8,0,0
1,6,3,1,1,8,0,0
2,5,3,1,1,7,0,0
3,6,3,1,1,7,.1,0
2,6,3,1,1,9,.1,0
3,5,3,0,1,8,0,0
1,5,3,1,1,6,0,0
4,5,3,1,1,2,.4,0
4,5,3,1,1,1,.1,0
3,6,3,1,1,3,.1,0
4,6,3,1,1,2,0,0
3,6,3,1,1,5,0,0
3,5,3,1,1,6,.2,0
1,5,3,1,1,5,0,0
2,6,3,1,1,6,0,0
3,6,3,1,1,4,0,0
3,6,3,1,1,5,0,0
4,5,3,1,1,3,0,0
4,6,3,1,1,6,.5,0
4,5,3,1,1,4,.1,0
1,6,3,1,1,1,0,0
3,6,3,1,1,10,.4,1
2,5,3,0,1,9,.3,0
1,6,3,1,1,5,0,0
3,5,3,0,1,5,.3,0
2,6,3,1,1,6,.1,0
2,7,3,1,1,7,.1,0
2,6,3,1,1,7,0,0
5,5,3,1,1,9,0,0
3,6,3,1,1,9,0,0
3,5,3,1,1,6,.1,1
3,6,3,1,1,6,0,0
1,5,3,1,1,4,0,0
3,6,3,1,1,8,0,0
2,5,3,1,1,6,.1,0
3,6,3,1,1,18,.4,1
3,6,3,1,1,19,.4,0
1,5,3,1,1,5,0,0
3,5,3,1,1,7,.2,1
3,6,3,1,1,6,0,0
3,6,3,1,1,6,0,0
3,5,3,0,1,9,.1,0
3,6,3,1,1,7,.1,0
3,5,3,1,1,8,.2,0
3,5,3,1,1,4,.2,0
1,5,3,1,1,7,0,0
1,5,3,1,1,4,0,0
2,6,3,1,1,4,.1,0
3,5,3,1,1,6,.2,1
2,6,3,1,1,3,0,0
3,6,3,1,1,4,.1,0
2,6,3,1,1,3,0,0
3,5,3,1,1,2,.1,0
3,5,3,1,1,6,.7,1
3,5,3,1,1,8,.2,0
3,5,3,1,1,5,.2,1
2,6,3,1,1,5,0,0
1,6,3,1,1,1,0,0
2,6,3,1,1,1,0,0
2,6,3,1,1,2,.1,1
1,6,3,1,1,5,0,0
4,6,3,1,1,5,0,0
3,6,3,1,1,2,0,0
2,7,3,1,1,5,0,0
4,6,3,1,1,3,0,0
3,2,3,1,1,18,.2,0
2,6,3,1,1,3,0,0
2,6,3,1,1,5,.4,0
4,6,3,1,1,5,.1,1
2,6,3,1,1,4,.3,0
1,6,3,1,1,5,.1,0
4,6,3,1,1,2,0,0
1,6,3,1,1,4,0,0
4,6,3,1,1,3,.4,0
4,6,3,1,1,2,.1,0
4,6,3,1,1,9,.1,0
4,6,3,1,1,6,.2,0
2,6,3,1,1,9,0,0
4,6,3,1,1,6,.4,1
2,6,3,1,1,6,.1,0
2,6,3,1,1,7,0,0
5,6,3,1,1,10,0,0
3,7,3,1,1,9,0,0
1,6,3,1,1,4,.1,0
2,6,3,0,1,7,0,0
3,6,3,0,1,10,0,0
3,6,3,0,1,6,0,0
3,6,3,0,1,7,0,0
3,6,3,0,1,7,0,0
3,6,3,0,1,4,.3,0
3,6,3,0,1,7,0,0
3,6,3,0,1,8,.1,0
2,6,3,0,1,7,.6,1
1,6,3,1,1,1,.3,0
3,6,3,0,1,5,.1,0
3,6,3,0,1,12,0,0
3,6,3,0,1,9,.1,0
3,6,3,0,1,4,0,0
3,6,3,0,1,8,.1,0
3,6,3,0,1,13,0,0
3,6,3,0,1,7,.1,0
3,6,3,0,1,7,.2,0
3,6,3,0,1,11,.1,0
2,6,3,0,1,5,.4,0
2,6,3,0,1,7,0,0
3,6,3,0,1,9,0,0
3,6,3,0,1,12,.1,0
3,6,3,0,1,7,.1,0
2,6,3,1,1,4,0,0
3,6,3,0,1,8,.2,1
3,6,3,0,1,5,.3,0
3,6,3,0,1,7,.8,1
2,6,3,0,1,9,0,0
3,6,3,0,1,7,.2,0
2,6,3,0,1,5,.3,0
3,6,3,0,1,7,.1,0
2,6,3,1,1,4,0,0
3,6,3,0,1,8,.1,0
2,6,3,0,1,8,.2,0
1,6,3,0,1,7,.4,1
3,6,3,0,1,6,0,0
3,6,3,0,1,6,.3,1
4,6,3,1,1,4,0,0
3,6,3,0,1,10,0,0
3,6,3,0,1,9,0,0
3,6,3,0,1,7,.2,0
3,6,3,0,1,9,.3,0
2,6,3,0,1,10,.4,0
3,6,3,0,1,10,.1,0
3,6,3,0,1,9,.1,0
3,6,3,0,1,14,0,0
3,6,3,0,1,7,0,0
3,6,3,0,1,9,0,0
3,6,3,0,1,9,0,0
3,6,3,0,1,8,0,0
3,6,3,0,1,5,0,0
3,6,3,0,1,5,.2,0
3,6,3,0,1,7,0,0
1,6,3,1,1,3,.2,0
3,6,3,1,1,4,.1,0
3,6,3,1,1,3,0,0
2,6,3,1,1,16,.1,0
2,6,3,1,1,7,.3,1
1,6,3,1,1,7,.2,0
3,2,3,1,1,1,0,0
3,7,3,1,1,2,0,0
6,6,3,1,1,6,0,0
3,7,3,1,1,5,.3,0
3,2,3,1,1,8,0,0
4,2,3,1,1,6,.2,0
4,2,3,1,1,1,.2,0
2,6,3,1,1,10,.3,0
2,6,3,1,1,9,.1,0
3,2,3,1,1,3,.2,0
3,6,3,0,1,6,.1,0
2,6,3,1,1,11,.3,0
2,6,3,0,1,8,0,1
2,6,3,1,1,10,.1,1
3,6,3,1,1,2,0,0
3,6,3,1,1,7,.2,0
1,6,3,1,1,3,.3,0
3,2,3,1,1,7,0,0
3,6,3,0,1,11,.1,0
1,7,3,1,1,7,0,0
1,2,3,1,1,8,0,0
3,6,3,0,1,9,0,0
1,6,3,1,1,7,0,0
3,6,3,1,1,3,0,0
3,6,3,1,1,7,.1,0
1,6,3,1,1,5,0,0
2,6,3,1,1,4,.3,0
2,7,3,1,1,6,0,0
4,2,3,1,1,12,.1,0
2,6,3,1,1,1,.2,0
2,7,3,1,1,4,.2,0
3,2,3,1,1,6,0,0
4,7,3,1,1,10,.1,0
2,7,3,1,1,6,0,0
3,2,3,1,1,7,0,0
1,6,3,1,1,7,.4,0
4,7,3,1,1,6,0,0
1,6,3,1,1,1,0,0
1,2,3,1,1,9,0,0
2,2,3,1,1,5,.1,0
3,7,3,1,1,20,.4,0
3,2,3,1,1,21,.4,1
3,2,3,1,1,22,.4,0
3,6,3,1,1,3,.1,0
2,6,3,0,1,8,.3,0
1,2,3,1,1,3,0,0
3,2,3,1,1,5,0,0
2,7,3,1,1,6,.4,1
2,7,3,1,1,10,.1,1
4,7,3,1,1,3,0,0
1,7,3,1,1,13,.1,0
1,7,3,1,1,14,.1,0
1,6,3,1,1,5,0,0
3,2,3,1,1,1,0,0
4,7,3,1,1,4,.2,0
3,2,3,1,1,8,.1,0
2,2,3,1,1,9,.1,0
4,7,3,1,1,1,0,0
2,7,3,1,1,10,0,0
2,7,3,1,1,7,.1,0
3,2,3,1,1,8,.1,0
2,7,3,1,1,9,0,0
3,6,3,1,1,6,.2,1
3,2,3,1,1,8,.2,0
4,7,3,1,1,5,0,0
2,2,3,1,1,4,0,0
3,2,3,1,1,3,0,0
4,2,3,1,1,4,0,0
3,6,3,1,1,9,.2,0
2,6,3,1,1,4,0,0
3,6,3,1,1,9,.2,0
2,7,3,1,1,11,.1,0
2,7,3,1,1,4,0,0
1,6,3,1,1,4,.3,0
4,7,3,1,1,7,.2,0
1,7,3,1,1,4,.2,0
4,7,3,1,1,3,0,0
4,7,3,1,1,4,.4,0
4,7,3,1,1,6,.1,0
2,2,3,1,1,8,0,0
5,7,3,1,1,11,0,0
3,2,3,1,1,6,.1,0
3,2,3,1,1,10,0,0
2,7,3,0,1,8,0,0
3,7,3,0,1,9,.2,0
3,7,3,0,1,8,.1,0
2,7,3,0,1,10,0,0
3,7,3,0,1,8,.1,0
3,7,3,0,1,8,.2,0
3,7,3,0,1,5,0,0
2,7,3,0,1,6,.4,0
2,7,3,0,1,7,.2,0
2,7,3,0,1,8,0,0
2,7,3,0,1,8,0,0
3,7,3,0,1,11,0,0
3,7,3,0,1,5,0,0
3,7,3,0,1,5,.3,0
3,7,3,0,1,8,0,0
2,7,3,0,1,9,0,0
1,7,3,0,1,7,.2,0
2,7,3,0,1,8,.6,0
1,7,3,1,1,1,0,0
1,7,3,1,1,1,0,0
1,7,3,1,1,2,0,0
4,7,3,1,1,5,0,0
3,7,3,1,1,5,.1,1
3,7,3,0,1,12,.1,1
3,7,3,0,1,16,0,0
3,7,3,0,1,13,.1,0
3,7,3,0,1,8,0,0
2,7,3,0,1,11,.4,1
3,7,3,0,1,6,.2,0
3,7,3,0,1,11,0,0
3,7,3,0,1,10,.3,1
3,7,3,0,1,10,0,0
3,7,3,0,1,10,0,0
3,7,3,0,1,9,.1,0
3,7,3,0,1,8,0,0
3,7,3,0,1,7,.1,0
3,7,3,0,1,10,0,0
3,7,3,0,1,9,0,0
3,7,3,0,1,10,0,0
3,7,3,0,1,8,.2,0
3,7,3,1,1,4,0,0
3,7,3,1,1,7,.2,1
2,7,3,1,1,2,.2,0
3,7,3,0,1,10,0,0
2,3,3,1,1,8,0,0
2,2,3,1,1,9,0,0
3,7,3,1,1,4,.1,0
3,7,3,0,1,10,.1,0
4,7,3,1,1,3,.1,0
1,7,3,1,1,2,.3,0
6,7,3,1,1,7,0,0
1,7,3,1,1,5,.3,1
5,7,3,1,1,12,0,0
2,2,3,1,1,12,0,0
3,2,3,1,1,10,0,0
3,2,3,1,1,9,0,0
3,7,3,1,1,5,.1,0
2,2,3,1,1,4,.1,0
1,7,3,1,1,6,.3,1
3,7,3,1,1,7,.7,1
3,2,3,1,1,6,0,0
3,7,3,1,1,10,.2,0
3,7,3,1,1,10,.2,1
3,7,3,1,1,6,.1,1
3,7,3,1,1,2,.2,1
2,2,3,1,1,10,0,0
3,2,3,0,1,6,.1,0
2,2,3,0,1,7,.4,1
2,2,3,1,1,11,0,0
3,2,3,1,1,9,.2,0
3,2,3,0,1,11,.1,1
2,2,3,0,1,11,0,0
3,2,3,0,1,8,0,0
3,2,3,0,1,9,.1,0
3,2,3,0,1,9,.1,0
3,2,3,0,1,14,0,0
1,2,3,0,1,8,.2,0
1,2,3,1,1,3,0,0
2,2,3,0,1,11,0,0
3,2,3,0,1,8,.8,1
2,2,3,0,1,9,0,0
2,2,3,1,1,8,.1,0
3,2,3,0,1,15,0,0
3,2,3,0,1,7,0,0
3,2,3,0,1,6,0,0
2,2,3,0,1,10,.3,1
3,2,3,0,1,13,.1,0
3,2,3,0,1,9,0,0
2,2,3,0,1,7,.6,1
1,2,3,1,1,15,.1,0
3,2,3,0,1,6,.3,0
3,2,3,0,1,12,0,0
3,2,3,1,1,4,.1,0
3,2,3,1,1,5,.1,0
4,2,3,1,1,7,0,0
4,2,3,1,1,2,.2,0
2,2,3,1,1,11,.1,0
2,2,3,1,1,11,.3,0
3,2,3,1,1,5,.2,0
4,2,3,1,1,8,.2,1
4,2,3,1,1,10,.1,1
4,2,3,1,1,7,.4,0
5,2,3,1,1,13,0,0
2,2,3,1,1,7,0,0
2,2,3,1,1,8,0,0
3,3,3,1,1,11,0,0
3,3,3,1,1,16,0,0
2,2,3,1,1,5,0,0
2,2,3,1,1,5,0,0
1,2,3,1,1,5,.2,0
1,2,3,1,1,8,.2,0
4,2,3,1,1,4,0,0
2,2,3,1,1,7,0,0
1,2,3,1,1,2,0,0
3,2,3,0,1,11,0,0
3,2,3,0,1,11,0,0
3,2,3,0,1,12,0,0
3,2,3,0,1,10,0,0
3,2,3,0,1,17,0,0
3,2,3,0,1,11,.3,0
3,2,3,0,1,7,.2,0
3,2,3,0,1,10,.1,0
2,2,3,0,1,13,.4,0
2,2,3,1,1,3,.2,0
3,2,3,1,1,6,.1,0
3,2,3,1,1,5,.2,0
2,2,3,1,1,4,.2,0
3,2,3,0,1,7,0,0
2,2,3,0,1,10,0,0
3,3,3,1,1,9,.2,0
2,2,3,0,1,9,0,0
2,2,3,1,1,12,.1,0
1,2,3,1,1,10,0,0
2,2,3,1,1,6,0,0
4,3,3,1,1,4,0,0
3,2,3,0,1,8,.1,0
3,2,3,1,1,6,0,0
3,2,3,1,1,2,0,0
3,2,3,0,1,11,0,0
3,2,3,0,1,9,0,0
2,2,3,1,1,5,0,0
6,2,3,1,1,8,0,0
1,3,3,1,1,9,0,0
2,3,3,1,1,8,0,0
2,3,3,1,1,13,0,0
1,2,3,0,1,8,.4,0
3,3,3,1,1,6,0,0
3,2,3,1,1,4,0,0
3,3,3,1,1,8,0,0
2,2,3,0,1,9,0,0
1,2,3,1,1,4,0,0
3,3,3,1,1,23,.4,0
3,3,3,1,1,24,.4,1
3,3,3,1,1,25,.4,1
3,3,3,1,1,4,.1,0
4,3,3,1,1,11,.1,0
3,3,3,1,1,7,0,0
3,2,3,1,1,7,.2,1
3,2,3,1,1,1,.2,0
3,2,3,1,1,11,.2,0
3,2,3,1,1,11,.2,0
3,2,3,1,1,8,.7,1
4,2,3,1,1,5,.4,0
4,3,3,1,1,5,.2,0
2,2,3,1,1,10,.1,0
3,2,3,1,1,6,.1,0
4,3,3,1,1,11,0,0
2,3,3,1,1,9,0,0
2,3,3,1,1,11,.1,0
3,3,3,1,1,7,0,0
3,3,3,0,1,12,.3,0
1,3,3,1,1,9,.4,0
4,2,3,1,1,6,.1,1
3,3,3,1,1,11,0,0
3,3,3,1,1,10,0,0
3,3,3,1,1,8,0,0
3,3,3,1,1,2,0,0
4,3,3,1,1,9,.2,0
4,3,3,1,1,6,0,0
1,4,3,1,1,11,0,0
3,3,3,1,1,6,.2,0
4,3,3,1,1,11,.1,0
2,3,3,1,1,3,.1,0
5,3,3,1,1,14,0,0
3,3,3,1,1,9,.2,1
2,3,3,1,1,12,0,0
2,3,3,1,1,9,0,0
2,3,3,1,1,12,.3,0
2,3,3,1,1,11,0,0
3,3,3,1,1,6,0,0
2,3,3,1,1,12,0,0
2,3,3,1,1,7,.2,0
1,3,3,1,1,7,.1,0
3,3,3,1,1,4,.1,1
4,3,3,1,1,7,.1,0
4,3,3,1,1,3,0,0
2,3,3,1,1,7,.4,1
3,3,3,1,1,9,.1,0
2,3,3,1,1,6,0,0
1,3,3,1,1,6,.2,0
4,3,3,1,1,1,0,0
1,3,3,1,1,6,0,0
3,3,3,1,1,8,.1,0
3,3,3,1,1,8,.2,0
3,3,3,0,1,9,0,0
3,3,3,0,1,7,.3,0
3,3,3,0,1,16,0,0
3,3,3,0,1,13,0,0
2,3,3,0,1,9,.6,1
2,3,3,0,1,9,.2,0
3,3,3,0,1,6,.3,0
2,3,3,0,1,7,.3,0
3,3,3,0,1,9,.1,0
3,3,3,0,1,10,.1,1
3,3,3,0,1,8,.1,0
2,3,3,0,1,11,0,0
2,3,3,0,1,9,.3,0
3,3,3,0,1,12,.1,0
3,3,3,1,1,1,.2,0
3,3,3,0,1,7,0,0
3,3,3,0,1,8,.2,1
3,3,3,0,1,9,.1,0
2,3,3,0,1,10,0,0
3,3,3,0,1,6,0,0
1,3,3,0,1,9,.2,0
2,3,3,0,1,8,.2,0
2,3,3,0,1,11,.3,1
2,3,3,0,1,10,0,0
4,3,3,1,1,6,0,0
3,3,3,1,1,8,.2,0
3,3,3,0,1,10,0,0
2,3,3,0,1,14,.4,0
3,3,3,0,1,11,0,0
2,4,3,1,1,7,0,0
3,3,3,0,1,19,0,0
3,3,3,1,1,6,.1,0
3,3,3,0,1,15,.1,0
3,3,3,0,1,11,.1,0
3,3,3,0,1,7,.1,0
3,3,3,0,1,12,0,0
3,3,3,0,1,11,.1,0
3,3,3,0,1,13,0,0
3,3,3,0,1,11,0,0
3,3,3,0,1,9,.1,0
3,3,3,0,1,8,0,0
2,3,3,0,1,5,.1,0
3,3,3,0,1,11,0,0
3,3,3,1,1,8,.2,0
3,3,3,1,1,6,.2,0
2,3,3,1,1,5,.2,0
3,3,3,1,1,5,0,0
2,3,3,1,1,6,.2,0
2,3,3,1,1,14,.1,0
3,5,3,1,1,10,.2,1
3,4,3,1,1,9,0,0
1,3,3,1,1,5,0,0
4,3,3,1,1,4,.1,0
4,3,3,1,1,5,0,0
4,3,3,1,1,7,.1,0
3,4,3,1,1,6,.3,0
4,4,3,1,1,12,.1,0
2,3,3,1,1,2,.1,0
3,3,3,0,1,8,.2,0
3,3,3,0,1,9,.2,1
3,4,3,1,1,4,.1,0
3,3,3,0,1,8,.2,1
4,4,3,1,1,13,0,0
4,4,3,1,1,3,0,0
2,4,3,1,1,10,0,0
3,3,3,0,1,20,0,0
3,4,3,1,1,26,.4,1
3,4,3,1,1,6,.1,0
3,4,3,1,1,27,.4,0
3,3,3,1,1,9,.7,1
3,3,3,1,1,12,.2,0
3,3,3,1,1,8,.2,0
2,4,3,1,1,7,.1,0
4,3,3,1,1,5,.2,1
3,4,3,1,1,8,0,0
2,3,3,0,1,12,0,0
3,4,3,1,1,7,.1,0
4,4,3,1,1,8,0,0
1,4,3,1,1,3,0,0
2,4,3,1,1,13,0,0
2,3,3,1,1,1,.3,0
4,4,3,1,1,6,.2,0
3,4,3,1,1,1,0,0
4,4,3,1,1,1,.3,0
4,4,3,1,1,5,0,0
4,4,3,1,1,3,.2,0
5,4,3,1,1,15,0,0
1,4,3,1,1,8,0,0
3,4,3,1,1,4,0,0
3,4,3,1,1,4,0,0
3,4,3,1,1,7,0,0
2,4,3,1,1,13,0,1
2,4,3,1,1,15,0,0
1,4,3,1,1,7,0,0
2,4,3,1,1,12,.1,0
1,4,3,1,1,17,.1,0
4,4,3,1,1,2,0,0
2,4,3,1,1,3,.1,0
2,4,3,1,1,2,0,0
3,4,3,1,1,6,0,0
1,3,3,1,1,5,.1,0
4,4,3,1,1,12,.1,0
4,4,3,1,1,8,.4,1
3,4,3,1,1,3,0,0
3,3,3,1,1,12,.2,0
2,4,3,1,1,10,0,0
4,4,3,1,1,10,.2,0
1,3,3,1,1,5,.1,0
3,4,3,1,1,9,.1,0
3,4,3,1,1,9,.1,0
2,4,3,1,1,8,.4,1
3,4,3,1,1,8,0,0
1,4,3,1,1,10,.2,0
1,4,3,1,1,9,.1,0
1,4,3,1,1,8,.2,0
2,4,3,1,1,7,0,0
4,4,3,1,1,9,.1,0
3,3,3,1,1,2,.2,0
4,4,3,1,1,6,.4,1
4,4,3,1,1,4,0,0
1,4,3,1,1,6,0,0
1,4,3,1,1,10,0,0
1,4,3,1,1,6,0,0
1,4,3,1,1,6,0,0
3,5,3,1,1,12,0,0
2,4,3,1,1,2,.2,0
1,4,3,1,1,4,.2,1
3,4,3,0,1,17,0,0
3,4,3,0,1,13,.1,0
3,4,3,0,1,14,0,0
3,4,3,0,1,18,0,0
3,4,3,0,1,15,0,1
1,4,3,1,1,3,0,0
1,4,3,1,1,2,0,0
3,4,3,0,1,10,0,0
2,4,3,0,1,10,0,0
3,4,3,0,1,10,.2,0
3,4,3,0,1,11,.1,0
3,4,3,0,1,11,.2,0
3,4,3,0,1,14,.1,0
2,4,3,0,1,8,.4,1
2,4,3,0,1,11,0,0
2,4,3,0,1,12,0,0
2,4,3,0,1,12,0,0
3,4,3,0,1,10,0,0
3,4,3,0,1,10,.1,0
2,4,3,0,1,9,.2,0
2,4,3,0,1,6,.3,0
3,4,3,0,1,10,.1,0
3,4,3,0,1,10,.1,1
1,4,3,0,1,9,.4,0
3,4,3,1,1,9,.2,0
3,4,3,0,1,8,0,0
2,4,3,0,1,13,0,0
3,4,3,1,1,10,.2,0
3,4,3,0,1,21,0,0
2,4,3,1,1,7,.2,0
3,4,3,0,1,12,0,0
3,4,3,0,1,11,0,0
3,4,3,0,1,14,0,0
2,4,3,0,1,15,.4,1
3,4,3,0,1,9,0,0
3,4,3,0,1,10,.2,0
3,4,3,1,1,9,.2,0
2,4,3,1,1,8,.2,0
3,4,3,1,1,7,.2,1
2,4,3,1,1,8,0,0
4,4,3,1,1,6,0,0
4,5,3,1,1,13,.1,0
3,4,3,1,1,11,0,0
1,4,3,1,1,10,.4,1
3,4,3,1,1,7,0,0
3,5,3,1,1,9,0,0
3,4,3,1,1,1,0,0
4,4,3,1,1,7,0,0
2,4,3,1,1,6,0,0
2,5,3,1,1,16,0,0
2,4,3,0,1,8,.6,0
3,4,3,1,1,3,0,0
1,5,3,1,1,12,0,0
1,5,3,1,1,10,0,0
3,4,3,0,1,7,.1,0
3,5,3,1,1,28,.4,0
3,5,3,1,1,29,.4,0
2,4,3,0,1,11,0,0
3,4,3,0,1,11,0,0
3,4,3,0,1,13,.3,0
3,4,3,0,1,10,.1,0
3,4,3,1,1,5,.1,0
3,4,3,1,1,9,0,0
2,4,3,1,1,8,0,0
3,4,3,1,1,13,.2,0
3,4,3,1,1,6,.2,0
3,4,3,1,1,2,0,0
2,4,3,1,1,13,.1,0
3,4,3,1,1,10,.7,1
2,5,3,1,1,5,0,0
4,4,3,1,1,6,.2,0
2,5,3,1,1,8,.1,0
1,4,3,1,1,9,.2,0
4,5,3,1,1,2,0,0
2,6,3,1,1,9,.1,0
2,5,3,1,1,13,.1,0
4,5,3,1,1,10,.1,0
5,5,3,1,1,16,0,0
2,5,3,1,1,4,0,0
2,4,3,1,1,1,0,0
4,5,3,1,1,3,0,0
2,5,3,1,1,8,.4,0
2,5,3,1,1,5,.2,1
2,5,3,1,1,14,0,0
2,5,3,1,1,1,.3,0
3,5,3,1,1,12,0,0
2,5,3,1,1,3,.1,0
3,5,3,1,1,12,0,0
2,5,3,1,1,14,0,0
3,5,3,1,1,9,0,0
4,4,3,1,1,1,0,0
3,5,3,1,1,2,0,0
4,5,3,1,1,8,.1,0
4,5,3,1,1,5,.1,0
2,5,3,1,1,10,0,0
3,5,3,1,1,10,.2,0
3,5,3,1,1,6,.2,0
3,5,3,1,1,10,.1,0
3,5,3,1,1,3,.2,1
2,5,3,1,1,8,0,0
3,5,3,1,1,9,0,0
2,5,3,1,1,9,.1,0
4,5,3,1,1,13,.1,0
4,5,3,1,1,8,.1,0
4,5,3,1,1,11,.2,0
2,5,3,1,1,9,0,0
1,5,3,1,1,9,0,0
3,5,3,1,1,7,.1,0
2,5,3,1,1,14,.1,0
2,5,3,1,1,11,0,0
3,5,3,1,1,10,0,0
6,5,3,1,1,10,0,0
3,6,3,1,1,13,0,0
4,5,3,1,1,1,0,0
4,5,3,1,1,4,0,0
3,5,3,0,1,16,0,0
3,5,3,0,1,9,.1,0
3,5,3,0,1,14,.1,0
3,5,3,0,1,8,.1,0
3,5,3,0,1,7,.3,0
3,5,3,0,1,15,.1,0
3,5,3,0,1,9,.2,0
3,5,3,0,1,16,.1,0
3,5,3,0,1,8,.3,0
3,5,3,0,1,9,.3,0
3,5,3,0,1,7,0,0
3,5,3,0,1,7,0,0
3,5,3,0,1,8,0,0
3,5,3,0,1,19,0,0
2,5,3,0,1,10,.2,0
3,5,3,0,1,11,0,0
3,5,3,0,1,20,0,0
3,5,3,0,1,9,0,0
3,5,3,0,1,7,.3,0
2,5,3,0,1,8,.3,0
1,5,3,0,1,11,.2,0
1,5,3,0,1,10,.4,0
2,5,3,0,1,15,0,0
2,5,3,0,1,12,0,0
3,5,3,0,1,7,0,0
3,5,3,0,1,11,0,0
2,5,3,0,1,12,.3,0
2,5,3,0,1,13,0,0
2,5,3,0,1,10,.2,1
3,5,3,0,1,9,.2,0
1,5,3,1,1,1,0,0
3,5,3,0,1,11,0,0
1,5,3,1,1,10,.2,0
3,5,3,0,1,9,0,0
2,5,3,0,1,12,0,0
3,5,3,0,1,11,.1,0
1,5,3,1,1,6,.1,0
4,5,3,1,1,7,0,0
3,5,3,0,1,12,0,0
3,5,3,1,1,7,.1,0
3,5,3,1,1,8,.2,0
3,5,3,0,1,13,.1,0
3,5,3,0,1,10,0,0
3,5,3,0,1,13,0,0
3,5,3,0,1,13,0,0
2,5,3,0,1,16,.4,1
3,5,3,0,1,11,.1,0
2,5,3,0,1,6,.1,0
3,5,3,0,1,14,.3,0
3,5,3,0,1,9,.2,0
2,5,3,1,1,9,.2,0
2,5,3,1,1,10,.2,0
2,6,3,1,1,8,0,0
1,5,3,1,1,7,0,0
1,5,3,1,1,6,0,0
3,5,3,0,1,12,.1,0
2,5,3,0,1,7,.3,1
3,6,3,1,1,8,0,0
3,5,3,0,1,12,.2,1
1,5,3,1,1,4,0,0
1,5,3,1,1,6,0,0
3,5,3,1,1,8,0,0
4,5,3,1,1,1,0,0
3,5,3,0,1,5,.1,0
4,5,3,1,1,7,.4,0
3,6,3,1,1,10,0,0
3,6,3,1,1,10,0,0
3,5,3,1,1,10,.1,0
2,5,3,0,1,9,.6,1
3,6,3,1,1,5,.1,0
2,6,3,1,1,11,0,0
3,6,3,1,1,11,.1,0
3,6,3,1,1,27,.2,0
4,6,3,1,1,14,.1,0
1,6,3,1,1,13,0,0
3,6,3,1,1,7,0,0
2,6,3,1,1,11,0,0
4,6,3,1,1,3,.2,1
1,6,3,1,1,11,0,0
2,6,3,1,1,14,.1,0
4,6,3,1,1,2,0,0
4,6,3,1,1,2,.5,0
3,6,3,1,1,13,0,0
3,6,3,1,1,10,0,0
3,6,3,1,1,12,0,0
3,5,3,1,1,2,.2,0
3,5,3,1,1,9,.1,0
3,5,3,1,1,10,.2,0
2,6,3,1,1,9,0,0
3,5,3,1,1,11,.7,0
3,6,3,1,1,30,.4,0
3,6,3,1,1,31,.4,0
3,6,3,1,1,5,.1,0
3,6,3,1,1,11,.1,0
3,6,3,1,1,8,.1,0
1,6,3,1,1,7,0,0
4,6,3,1,1,4,.2,0
1,5,3,1,1,7,0,0
3,5,3,1,1,6,.1,0
4,6,3,1,1,9,0,0
1,6,3,1,1,19,.1,0
3,6,3,1,1,1,1,1
2,5,3,1,1,14,.1,0
4,6,3,1,1,4,0,0
3,6,3,1,1,11,.2,0
2,5,3,1,1,2,0,0
3,5,3,1,1,11,.2,1
2,6,3,1,1,15,0,0
2,6,3,1,1,9,.1,0
2,6,3,1,1,15,0,0
3,5,3,1,1,14,.2,1
2,6,3,1,1,5,.1,0
1,6,3,1,1,7,0,0
1,6,3,1,1,12,0,0
2,7,3,1,1,6,.2,0
4,5,3,1,1,1,0,0
2,6,3,1,1,17,0,0
3,6,3,1,1,3,0,0
3,6,3,1,1,11,.1,0
1,6,3,1,1,4,0,0
3,6,3,1,1,9,0,0
3,6,3,1,1,10,.2,0
2,7,3,1,1,5,.3,1
4,6,3,1,1,5,0,0
1,5,3,1,1,7,0,0
4,6,3,1,1,9,.1,0
2,7,3,1,1,16,0,0
3,7,3,1,1,12,.2,0
4,6,3,1,1,8,.4,0
4,6,3,1,1,12,.2,0
4,6,3,1,1,14,.1,0
3,6,3,1,1,7,.2,0
2,6,3,1,1,9,0,0
4,6,3,1,1,9,.4,0
2,6,3,1,1,10,.4,0
1,6,3,1,1,11,.1,0
1,6,3,1,1,11,.2,0
2,6,3,1,1,10,0,0
3,2,3,1,1,15,0,0
1,6,3,1,1,3,.3,1
2,2,3,1,1,12,0,0
2,6,3,1,1,12,0,0
2,3,3,1,1,13,0,0
5,6,3,1,1,17,0,0
3,6,3,0,1,21,0,0
2,6,3,0,1,11,0,0
3,6,3,0,1,15,.1,0
3,6,3,0,1,9,.8,0
3,6,3,0,1,10,.2,0
3,6,3,0,1,10,0,0
3,6,3,0,1,8,0,0
2,6,3,0,1,9,.4,0
3,6,3,0,1,12,0,0
2,6,3,0,1,13,0,0
3,6,3,0,1,12,.1,0
2,6,3,0,1,10,.3,0
3,6,3,0,1,9,0,0
2,6,3,0,1,13,0,0
2,6,3,1,1,15,.1,0
3,6,3,0,1,12,0,0
2,6,3,0,1,14,0,0
3,6,3,0,1,10,.1,0
2,6,3,0,1,9,.3,1
3,6,3,1,1,12,.2,0
3,6,3,0,1,12,0,0
3,6,3,0,1,10,0,0
3,6,3,0,1,10,.3,0
3,6,3,0,1,11,.1,1
3,6,3,0,1,11,.1,0
3,6,3,0,1,11,0,0
3,6,3,0,1,13,.2,0
2,6,3,0,1,13,.3,0
3,6,3,0,1,12,.1,0
3,6,3,0,1,17,.1,0
3,6,3,0,1,11,.2,1
3,6,3,0,1,18,.1,0
1,6,3,1,1,12,.2,1
3,6,3,0,1,14,0,0
3,6,3,0,1,8,0,0
3,6,3,0,1,11,0,0
3,6,3,0,1,23,0,0
3,6,3,0,1,15,0,0
3,6,3,0,1,14,0,0
3,6,3,0,1,14,0,0
3,6,3,0,1,12,.1,0
3,6,3,0,1,15,0,0
2,6,3,0,1,17,.4,0
3,6,3,0,1,11,.2,0
3,6,3,0,1,14,0,0
2,6,3,0,1,7,.1,0
3,6,3,0,1,15,.3,0
3,6,3,0,1,13,.1,0
3,6,3,1,1,9,.2,0
3,6,3,1,1,8,.1,0
3,6,3,1,1,10,.2,0
2,7,3,1,1,9,0,0
1,6,3,1,1,7,0,0
3,7,3,1,1,11,.2,0
4,6,3,1,1,8,0,0
3,2,3,1,1,8,.3,0
3,6,3,1,1,9,0,0
2,6,3,0,1,16,0,0
4,7,3,1,1,5,0,0
2,6,3,0,1,11,.2,1
2,6,3,0,1,11,.2,1
3,6,3,1,1,2,0,0
3,6,3,0,1,6,.1,1
6,6,3,1,1,11,0,0
3,2,3,1,1,3,0,0
3,2,3,1,1,32,.4,0
2,7,3,1,1,4,.1,0
1,6,3,1,1,13,.2,0
3,2,3,1,1,33,.4,0
1,2,3,1,1,12,0,0
5,6,3,1,1,18,0,0
3,7,3,1,1,29,.2,1
1,2,3,1,1,14,0,0
1,7,3,1,1,12,.4,1
3,6,3,1,1,11,0,0
3,6,3,1,1,13,.2,1
3,6,3,0,1,15,0,0
2,7,3,1,1,10,0,0
3,6,3,1,1,13,0,0
2,6,3,1,1,11,0,0
1,2,3,1,1,1,0,0
3,2,3,1,1,11,0,0
4,2,3,1,1,14,.1,0
4,7,3,1,1,15,.1,0
3,6,3,1,1,7,.1,0
4,2,3,1,1,16,.1,0
3,2,3,1,1,11,0,0
3,6,3,1,1,8,0,0
5,7,3,1,1,6,.1,0
3,6,3,1,1,11,.2,0
2,7,3,1,1,9,.4,0
4,2,3,1,1,7,.2,0
3,6,3,1,1,8,.5,1
3,6,3,0,1,13,0,0
3,6,3,1,1,3,.2,0
3,6,3,0,1,9,.1,0
3,6,3,1,1,12,.7,1
4,2,3,1,1,2,.5,1
4,2,3,1,1,8,0,0
2,2,3,1,1,12,0,0
3,6,3,1,1,15,.2,0
1,7,3,1,1,20,.1,0
2,2,3,1,1,10,.1,0
2,6,3,0,1,8,.3,1
2,6,3,0,1,10,.6,1
1,6,3,1,1,2,.1,0
1,6,3,1,1,8,0,0
3,7,3,1,1,2,0,0
2,2,3,1,1,6,.1,0
2,7,3,1,1,15,.1,0
3,6,3,1,1,11,.2,1
4,6,3,1,1,9,.1,0
4,6,3,1,1,6,.1,0
2,7,3,1,1,2,0,0
2,7,3,1,1,11,0,0
1,2,3,1,1,5,0,0
3,6,3,0,1,10,.2,0
2,7,3,1,1,18,0,0
3,2,3,1,1,3,0,0
2,7,3,1,1,1,0,0
3,7,3,1,1,5,0,0
3,7,3,1,1,14,0,0
1,6,3,1,1,1,.3,1
4,6,3,1,1,2,0,0
2,6,3,1,1,2,.3,0
4,6,3,1,1,3,0,0
3,2,3,1,1,12,.2,0
4,2,3,1,1,1,0,0
2,6,3,1,1,12,0,0
4,6,3,1,1,1,.5,0
3,7,3,1,1,6,.9,1
4,7,3,1,1,3,0,0
3,2,3,1,1,12,.1,0
3,2,3,1,1,9,0,0
2,7,3,1,1,10,.4,1
3,2,3,1,1,12,.1,0
3,6,3,1,1,8,.1,0
4,7,3,1,1,8,0,0
4,7,3,1,1,9,.4,1
1,7,3,1,1,8,0,0
4,7,3,1,1,4,0,0
3,2,3,1,1,14,0,0
1,7,3,1,1,13,0,0
3,7,3,1,1,8,.1,0
4,7,3,1,1,2,0,0
3,6,3,1,1,2,0,0
3,7,3,1,1,13,.2,0
2,7,3,1,1,16,0,0
3,2,3,1,1,13,0,0
3,2,3,1,1,11,0,0
2,7,3,1,1,5,.1,0
3,7,3,1,1,9,.1,0
3,7,3,1,1,12,.2,0
2,7,3,1,1,1,0,0
3,7,3,1,1,10,.1,0
4,2,3,1,1,10,.1,0
5,7,3,1,1,19,0,0
0,7,3,1,1,1,0,0
2,7,3,1,1,11,.4,0
4,7,3,1,1,6,0,0
3,7,3,0,1,4,.2,1
3,7,3,0,1,4,.2,1
2,7,3,0,1,15,0,0
2,7,3,1,1,13,0,0
2,7,3,1,1,19,.1,0
4,7,3,1,1,10,0,0
2,7,3,0,1,12,0,0
1,7,3,0,1,11,.4,0
3,7,3,0,1,11,.2,0
2,7,3,0,1,15,0,0
2,7,3,0,1,10,.3,0
2,7,3,0,1,14,0,0
3,7,3,0,1,19,.1,0
2,7,3,0,1,10,.6,0
2,7,3,0,1,17,0,0
2,7,3,0,1,12,.2,0
3,7,3,0,1,13,0,0
3,7,3,0,1,14,.2,0
3,7,3,0,1,8,.3,1
3,7,3,0,1,13,.1,0
3,7,3,0,1,8,.3,0
3,7,3,0,1,11,.1,1
3,7,3,0,1,8,0,0
1,7,3,0,1,12,.2,0
3,7,3,1,1,12,0,0
1,7,3,1,1,2,0,0
1,7,3,1,1,2,0,0
1,7,3,1,1,3,.3,1
3,7,3,0,1,25,0,0
3,7,3,0,1,26,0,0
3,7,3,0,1,14,0,0
2,7,3,0,1,19,.4,0
3,7,3,0,1,15,0,0
3,7,3,0,1,12,0,0
3,7,3,0,1,15,0,0
3,7,3,0,1,16,.3,1
3,7,3,0,1,15,.1,1
3,7,3,0,1,12,.2,0
3,7,3,0,1,15,0,0
3,7,3,0,1,11,.2,0
2,7,3,1,1,11,.2,0
3,7,3,1,1,11,.2,1
2,7,3,1,1,12,.2,1
3,7,3,1,1,10,.2,0
1,7,3,1,1,22,.1,0
2,2,3,1,1,16,.1,0
2,7,3,1,1,2,0,0
3,2,3,1,1,13,0,0
2,2,3,1,1,3,0,0
2,7,3,1,1,11,0,0
2,7,3,1,1,12,.2,0
3,2,3,1,1,14,.2,0
2,2,3,1,1,13,.2,0
2,2,3,1,1,16,.1,0
2,2,3,1,1,10,.1,0
2,2,3,1,1,10,.1,0
1,2,3,1,1,8,0,0
3,7,3,1,1,9,.1,0
2,2,3,1,1,17,0,0
3,2,3,1,1,12,.1,1
3,7,3,0,1,11,.3,1
2,2,3,1,1,12,0,0
3,2,3,0,1,22,0,0
3,2,3,0,1,20,.1,0
3,2,3,0,1,16,.1,0
2,2,3,0,1,14,0,0
3,2,3,0,1,23,0,0
3,2,3,0,1,21,.1,0
3,2,3,0,1,10,.1,0
2,2,3,0,1,10,.4,1
3,2,3,0,1,17,0,0
2,2,3,0,1,13,0,0
3,2,3,0,1,12,0,0
2,2,3,0,1,11,.3,1
2,2,3,0,1,14,.3,0
3,2,3,0,1,12,.2,0
3,2,3,0,1,11,0,0
2,2,3,0,1,15,0,0
2,2,3,0,1,11,.6,1
3,2,3,0,1,13,.1,1
3,2,3,0,1,9,.3,0
2,2,3,1,1,3,.2,0
3,2,3,0,1,14,.1,0
3,2,3,0,1,12,.2,0
2,2,3,0,1,13,.2,0
3,2,3,0,1,13,0,0
3,2,3,0,1,9,0,0
2,2,3,0,1,16,0,0
3,2,3,0,1,12,.1,0
3,2,3,0,1,9,.3,1
3,2,3,1,1,8,.2,0
3,2,3,0,1,10,.8,1
3,2,3,0,1,7,.1,0
4,2,3,1,1,13,.2,0
4,2,3,1,1,15,.1,0
2,2,3,1,1,14,0,0
1,2,3,1,1,23,.1,0
2,2,3,1,1,19,0,0
1,2,3,1,1,13,.4,0
3,2,3,1,1,3,0,0
3,3,3,1,1,16,0,0
5,2,3,1,1,20,0,0
3,2,3,1,1,12,.2,0
6,2,3,1,1,12,0,0
1,2,3,1,1,12,.1,0
2,2,3,1,1,13,0,0
1,2,3,1,1,12,.2,0
2,2,3,1,1,12,.4,0
2,2,3,0,1,9,.1,0
3,2,3,0,1,15,0,0
3,2,3,0,1,27,0,0
3,2,3,0,1,16,0,0
3,2,3,0,1,16,0,0
3,2,3,0,1,17,0,0
3,2,3,0,1,17,.3,0
3,2,3,0,1,13,0,0
3,2,3,0,1,16,0,0
2,3,3,1,1,10,0,0
3,2,3,1,1,11,.2,1
3,2,3,0,1,11,.2,0
2,2,3,0,1,21,.4,0
3,2,3,1,1,12,.2,1
2,2,3,1,1,13,.2,1
3,2,3,1,1,13,.2,0
2,2,3,1,1,14,.2,0
3,2,3,1,1,7,.1,0
2,2,3,1,1,18,.1,1
3,3,3,1,1,9,.1,0
2,2,3,1,1,3,0,0
4,2,3,1,1,2,.5,1
3,2,3,1,1,12,0,0
1,2,3,1,1,15,.2,0
3,2,3,1,1,2,0,0
4,2,3,1,1,4,.2,0
1,2,3,0,1,13,.2,0
3,2,3,1,1,10,.1,0
4,2,3,1,1,10,0,0
4,3,3,1,1,8,.4,0
3,2,3,0,1,16,0,0
3,3,3,1,1,6,.1,0
3,2,3,0,1,13,0,0
2,2,3,0,1,11,.3,1
3,2,3,1,1,5,0,0
1,3,3,1,1,2,0,0
1,2,3,1,1,6,0,0
3,3,3,1,1,10,0,0
3,2,3,0,1,16,0,0
1,3,3,1,1,13,0,0
3,2,3,1,1,7,.1,0
4,3,3,1,1,17,0,0
4,2,3,1,1,3,0,0
2,3,3,1,1,13,0,0
1,3,3,1,1,15,0,0
3,3,3,1,1,10,.2,0
3,3,3,1,1,34,.4,1
2,2,3,0,1,12,.2,0
3,3,3,1,1,35,.4,0
4,3,3,1,1,4,0,0
3,2,3,1,1,13,.2,0
2,3,3,1,1,15,0,0
3,2,3,1,1,9,.5,1
3,2,3,1,1,16,.2,0
3,2,3,1,1,13,.7,1
3,2,3,1,1,7,.9,1
3,2,3,1,1,3,0,0
3,2,3,1,1,11,.1,0
2,2,3,0,1,18,0,0
4,3,3,1,1,8,.2,1
5,2,3,1,1,21,0,0
2,2,3,0,1,11,.6,1
1,2,3,1,1,8,0,0
3,2,3,0,1,9,0,0
3,3,3,1,1,13,.1,0
4,3,3,1,1,16,.1,0
4,3,3,1,1,14,.2,0
3,3,3,1,1,9,.2,0
2,3,3,1,1,17,.1,0
2,3,3,1,1,11,.4,0
2,3,3,1,1,6,.3,0
3,3,3,1,1,12,.2,1
4,3,3,1,1,11,0,0
2,2,3,1,1,1,0,0
1,2,3,1,1,10,0,0
3,3,3,1,1,10,.1,0
4,3,3,1,1,3,0,0
3,3,3,1,1,14,0,0
3,3,3,1,1,15,0,0
4,3,3,1,1,10,.4,1
2,3,3,1,1,14,0,0
3,3,3,1,1,6,.1,0
2,3,3,1,1,13,.4,1
1,3,3,1,1,16,.2,0
4,3,3,1,1,9,0,0
4,3,3,1,1,4,0,0
4,3,3,1,1,7,.1,0
3,3,3,1,1,12,0,0
2,3,3,1,1,13,.1,0
1,3,3,1,1,5,0,0
1,3,3,1,1,9,0,0
3,4,3,1,1,18,.3,0
2,5,3,1,1,14,0,0
3,2,3,1,1,8,.2,1
2,4,3,1,1,15,0,0
1,3,3,1,1,24,.1,1
2,3,3,1,1,7,.2,0
1,3,3,1,1,25,.1,0
3,3,3,1,1,14,.2,0
3,3,3,1,1,15,0,0
3,3,3,1,1,13,.1,0
1,3,3,1,1,10,0,0
2,3,3,1,1,22,.1,0
3,3,3,1,1,3,0,0
2,3,3,1,1,10,0,0
3,3,3,1,1,9,0,0
3,2,3,1,1,15,.2,0
2,3,3,1,1,1,0,0
1,3,3,1,1,11,0,0
5,3,3,1,1,3,0,0
3,3,3,0,1,14,0,0
3,3,3,0,1,24,0,0
3,3,3,0,1,12,.1,0
3,3,3,0,1,18,0,0
3,3,3,0,1,10,0,0
3,3,3,0,1,12,.1,0
3,3,3,0,1,12,.3,1
2,3,3,0,1,16,0,0
3,3,3,0,1,15,.1,1
3,3,3,0,1,11,.8,1
2,3,3,0,1,12,.6,1
2,3,3,0,1,17,0,0
3,3,3,0,1,15,.2,1
2,3,3,0,1,14,.2,0
1,3,3,1,1,3,0,0
2,3,3,0,1,19,0,1
1,3,3,1,1,3,0,0
2,3,3,0,1,12,.6,1
2,3,3,0,1,15,0,0
3,3,3,0,1,14,0,0
2,3,3,1,1,4,0,0
2,3,3,0,1,13,.2,0
3,3,3,0,1,9,0,0
2,3,3,0,1,14,0,0
3,3,3,0,1,18,0,0
3,3,3,0,1,17,0,0
3,3,3,0,1,14,0,0
3,3,3,0,1,17,0,0
3,3,3,0,1,28,0,0
3,3,3,0,1,14,.1,0
3,3,3,0,1,18,.3,0
3,3,3,0,1,17,0,0
3,3,3,0,1,17,0,0
3,3,3,0,1,18,0,0
5,3,3,1,1,22,0,0
1,3,3,1,1,9,0,0
2,3,3,1,1,15,.2,1
2,3,3,1,1,17,.1,1
3,3,3,1,1,12,.1,1
4,3,3,1,1,11,0,0
4,3,3,1,1,5,.2,0
1,3,3,0,1,14,.2,0
3,4,3,1,1,34,.2,0
2,4,3,1,1,14,0,0
3,3,3,1,1,16,.2,0
3,4,3,1,1,5,0,0
5,3,3,1,1,23,0,0
5,4,3,1,1,24,0,0
4,3,3,1,1,10,.1,0
1,3,3,1,1,5,0,0
1,3,3,1,1,12,0,0
3,3,3,1,1,17,.2,1
3,3,3,1,1,11,0,0
1,4,3,1,1,11,0,0
6,3,3,1,1,13,0,0
3,4,3,1,1,36,.4,0
3,4,3,1,1,37,.4,1
1,4,3,1,1,14,.4,0
4,3,3,1,1,4,0,0
3,4,3,1,1,4,0,0
3,4,3,1,1,13,.1,0
2,4,3,1,1,11,.1,0
1,4,3,1,1,16,0,0
1,4,3,1,1,3,0,0
4,4,3,1,1,6,0,0
3,3,3,0,1,16,.1,0
2,3,3,1,1,7,0,0
3,3,3,1,1,4,.2,0
3,3,3,1,1,8,.9,1
2,4,3,1,1,18,0,0
4,3,3,1,1,9,.2,0
3,3,3,1,1,14,.2,0
2,4,3,1,1,13,0,0
2,4,3,1,1,4,.2,0
3,4,3,1,1,7,0,0
4,4,3,1,1,5,.2,0
1,3,3,1,1,13,0,0
2,3,3,1,1,3,0,0
3,3,3,1,1,8,.1,1
2,4,3,1,1,16,0,0
3,3,3,1,1,14,.2,0
2,4,3,1,1,5,.1,0
3,4,3,1,1,16,0,0
3,4,3,1,1,12,0,0
3,4,3,1,1,15,0,0
2,4,3,1,1,17,0,0
3,4,3,1,1,11,0,0
4,4,3,1,1,7,0,0
1,3,3,1,1,10,0,0
2,4,3,1,1,2,.3,0
1,4,3,1,1,10,0,0
3,4,3,1,1,13,.1,0
2,4,3,1,1,23,.1,0
3,4,3,1,1,13,.2,0
4,4,3,1,1,11,.1,0
4,4,3,1,1,12,0,0
1,4,3,1,1,7,0,0
4,3,3,1,1,1,0,0
2,4,3,1,1,19,.3,1
4,4,3,1,1,15,.2,0
4,4,3,1,1,17,.1,0
4,4,3,1,1,10,.4,0
2,4,3,1,1,18,.1,0
3,5,3,1,1,18,0,0
3,5,3,1,1,26,0,0
3,4,3,1,1,5,0,0
2,4,3,0,1,12,.3,1
3,4,3,0,1,14,0,0
3,4,3,0,1,25,0,0
3,4,3,0,1,22,.1,0
3,4,3,0,1,10,0,0
3,4,3,1,1,1,0,0
2,4,3,1,1,6,0,0
1,4,3,1,1,4,0,0
2,4,3,0,1,15,.2,1
3,4,3,0,1,17,.1,0
3,4,3,0,1,8,.1,0
2,4,3,0,1,16,0,0
2,4,3,0,1,18,0,0
3,4,3,0,1,14,.1,0
3,4,3,0,1,13,.1,0
3,4,3,0,1,13,.2,0
3,4,3,0,1,19,0,0
2,4,3,0,1,13,.6,1
3,4,3,0,1,12,.2,0
3,4,3,0,1,12,0,0
3,4,3,0,1,11,0,0
2,4,3,0,1,15,.3,0
2,4,3,0,1,15,0,0
1,4,3,0,1,15,.2,0
3,4,3,0,1,10,0,0
2,4,3,0,1,14,.2,1
2,4,3,0,1,17,0,0
2,4,3,0,1,16,0,0
2,4,3,0,1,20,0,0
2,4,3,0,1,17,0,0
2,4,3,1,1,5,0,0
2,4,3,1,1,14,.4,0
4,4,3,1,1,5,0,0
1,4,3,1,1,15,.2,0
1,4,3,1,1,17,.2,0
1,4,3,1,1,14,.1,0
3,4,3,0,1,29,0,0
2,5,3,1,1,11,0,0
3,4,3,0,1,18,0,0
3,4,3,0,1,18,0,0
3,4,3,0,1,19,0,0
3,4,3,0,1,19,.3,1
3,4,3,0,1,18,0,0
3,4,3,0,1,14,.2,0
2,4,3,1,1,18,.1,0
2,4,3,1,1,16,.2,0
3,4,3,1,1,9,.1,0
3,4,3,1,1,12,.2,0
3,4,3,1,1,6,0,0
4,4,3,1,1,5,0,0
2,4,3,1,1,6,.1,0
1,4,3,1,1,6,0,0
2,4,3,1,1,16,0,1
3,5,3,1,1,11,.1,0
4,4,3,1,1,4,0,0
3,5,3,1,1,3,0,0
4,5,3,1,1,6,0,0
3,5,3,1,1,13,0,0
3,5,3,1,1,14,.1,0
1,4,3,1,1,16,.2,1
3,4,3,0,1,12,.2,1
3,4,3,0,1,15,.1,0
1,5,3,1,1,14,0,0
3,5,3,1,1,10,0,0
3,5,3,1,1,16,0,0
3,5,3,1,1,13,0,0
3,4,3,1,1,14,0,0
3,7,3,1,1,37,.2,0
4,4,3,1,1,2,.3,1
4,5,3,1,1,11,.1,0
3,4,3,1,1,9,0,0
5,5,3,1,1,12,.1,0
2,4,3,0,1,16,.2,0
3,4,3,1,1,14,.1,0
3,5,3,1,1,5,0,0
3,4,3,1,1,19,.2,1
1,4,3,1,1,9,0,0
3,5,3,1,1,38,.4,0
3,5,3,1,1,39,.4,0
6,4,3,1,1,14,0,0
2,4,3,1,1,17,.1,0
2,5,3,1,1,17,0,0
3,4,3,1,1,9,.9,1
3,4,3,1,1,14,.7,1
3,4,3,1,1,15,.2,0
3,4,3,0,1,3,.3,0
3,4,3,1,1,4,0,0
3,4,3,1,1,15,.2,0
3,4,3,1,1,17,.2,0
2,5,3,1,1,12,.1,0
3,5,3,1,1,16,0,0
1,5,3,1,1,4,0,0
2,5,3,1,1,14,0,0
3,5,3,1,1,13,0,0
3,5,3,1,1,17,0,0
3,4,3,1,1,15,.1,0
3,5,3,1,1,16,.2,0
2,5,3,1,1,22,.1,0
1,5,3,1,1,10,0,0
4,5,3,1,1,8,0,0
3,5,3,1,1,2,0,0
1,4,3,1,1,11,0,0
2,5,3,1,1,19,.1,0
3,5,3,1,1,16,.1,0
3,5,3,1,1,17,.2,1
2,5,3,1,1,11,.1,0
2,5,3,1,1,5,0,0
2,4,3,1,1,2,0,0
4,5,3,1,1,16,.2,0
2,6,3,1,1,16,0,0
3,5,3,1,1,11,.1,0
3,5,3,1,1,10,.2,0
3,5,3,1,1,10,0,0
4,5,3,1,1,18,.1,0
3,5,3,1,1,14,.1,0
2,5,3,1,1,18,0,0
3,5,3,1,1,14,.2,0
3,5,3,1,1,3,0,0
2,5,3,1,1,18,.1,0
3,6,3,1,1,19,0,0
3,5,3,1,1,6,0,0
3,7,3,1,1,4,.3,0
3,7,3,1,1,20,0,0
1,5,3,1,1,5,0,0
1,5,3,1,1,6,0,0
2,5,3,1,1,14,0,0
3,5,3,0,1,26,0,0
3,5,3,0,1,18,.1,0
3,5,3,1,1,6,0,0
2,5,3,1,1,17,0,0
2,5,3,0,1,15,.2,0
3,5,3,0,1,20,0,0
3,5,3,0,1,12,.8,1
1,5,3,0,1,16,.2,1
2,5,3,0,1,18,0,0
3,5,3,0,1,13,.1,0
3,5,3,0,1,16,.2,0
2,5,3,0,1,10,.3,0
2,5,3,0,1,16,.3,1
2,5,3,0,1,13,.3,0
3,5,3,0,1,12,.1,0
2,5,3,0,1,14,.6,0
3,5,3,0,1,13,.3,0
3,5,3,0,1,10,0,0
3,5,3,0,1,14,.3,0
3,5,3,0,1,11,0,0
3,5,3,0,1,14,0,0
3,5,3,0,1,10,.3,0
3,5,3,0,1,16,.1,0
3,5,3,0,1,23,.1,1
2,5,3,0,1,11,.4,1
3,5,3,0,1,13,.1,0
2,5,3,0,1,19,0,0
3,5,3,0,1,15,0,0
3,5,3,0,1,14,.2,1
3,5,3,0,1,13,0,0
3,5,3,0,1,9,.1,0
2,5,3,0,1,16,0,0
3,5,3,1,1,20,.2,0
1,5,3,1,1,18,.2,0
3,5,3,0,1,15,0,0
1,5,3,1,1,17,.2,1
1,5,3,1,1,14,0,0
3,5,3,0,1,19,0,0
3,5,3,0,1,19,0,0
3,5,3,0,1,19,0,0
3,5,3,0,1,19,0,0
3,5,3,0,1,20,.3,1
4,5,3,1,1,12,0,0
3,5,3,0,1,17,.1,0
2,5,3,0,1,24,.4,0
3,5,3,0,1,15,.2,0
3,5,3,0,1,36,0,0
3,5,3,0,1,18,0,0
3,5,3,1,1,5,.1,0
3,5,3,1,1,13,.2,0
3,5,3,1,1,10,.1,0
2,5,3,1,1,15,.4,0
3,6,3,1,1,4,0,0
3,7,3,1,1,5,0,0
4,5,3,1,1,10,0,0
4,5,3,1,1,11,.4,1
4,5,3,1,1,6,0,0
1,5,3,1,1,18,.2,1
2,5,3,0,1,17,0,0
1,5,3,1,1,5,.2,0
3,6,3,1,1,11,.2,0
3,2,3,1,1,6,0,0
3,5,3,1,1,11,0,0
4,6,3,1,1,2,0,0
1,5,3,1,1,8,0,0
3,6,3,1,1,14,0,0
4,5,3,1,1,11,.1,0
3,6,3,1,1,19,.3,0
2,6,3,1,1,15,0,0
4,6,3,1,1,2,0,0
2,6,3,1,1,15,0,0
1,5,3,1,1,19,.2,0
4,5,3,1,1,1,0,0
2,6,3,1,1,15,0,0
2,5,3,1,1,18,0,0
3,6,3,1,1,40,.4,1
4,6,3,1,1,7,0,0
3,6,3,1,1,41,.4,0
3,6,3,1,1,42,.4,0
3,6,3,1,1,15,.1,0
5,5,3,1,1,25,0,0
3,6,3,1,1,15,.1,0
1,6,3,1,1,15,0,0
1,5,3,1,1,15,0,0
2,5,3,1,1,1,0,0
3,6,3,1,1,7,.1,0
3,5,3,1,1,15,0,0
4,5,3,1,1,2,0,0
2,5,3,1,1,3,.3,0
3,6,3,1,1,17,0,0
3,5,3,1,1,5,.2,0
5,6,3,1,1,26,0,0
3,5,3,1,1,15,.7,1
4,5,3,1,1,8,.1,0
3,5,3,0,1,30,0,0
3,5,3,0,1,18,0,0
2,7,3,1,1,13,.1,0
3,6,3,1,1,18,0,0
3,6,3,1,1,2,.7,1
3,6,3,1,1,14,0,0
4,6,3,1,1,13,0,0
2,6,3,1,1,19,0,0
1,6,3,1,1,15,.4,0
3,6,3,1,1,6,0,0
1,6,3,1,1,9,0,0
1,6,3,1,1,12,0,0
3,6,3,1,1,17,.1,0
2,6,3,1,1,5,.2,0
3,6,3,1,1,15,.2,0
2,6,3,1,1,19,0,0
3,6,3,1,1,1,0,0
4,6,3,1,1,9,0,0
3,6,3,1,1,6,0,0
2,6,3,1,1,12,.1,0
2,6,3,1,1,18,0,0
1,6,3,1,1,17,0,0
2,5,3,1,1,1,0,0
3,6,3,1,1,15,.1,0
3,6,3,1,1,2,0,0
2,6,3,1,1,20,.1,0
3,6,3,1,1,2,.5,0
3,6,3,1,1,17,0,0
2,6,3,1,1,4,0,0
2,6,3,1,1,21,0,0
4,6,3,1,1,19,.1,0
4,6,3,1,1,2,0,0
4,6,3,1,1,17,.2,0
1,6,3,1,1,28,.1,0
4,6,3,1,1,5,0,0
1,5,3,1,1,9,.1,0
2,6,3,1,1,25,.1,0
1,5,3,1,1,9,.1,0
3,2,3,1,1,21,0,0
6,6,3,1,1,1,0,0
3,2,3,1,1,31,0,0
4,6,3,1,1,7,0,0
2,6,3,1,1,18,.2,0
2,2,3,1,1,11,0,0
3,6,3,0,1,27,0,0
2,6,3,1,1,5,0,0
3,6,3,0,1,24,.1,0
3,6,3,0,1,14,.1,0
3,6,3,0,1,11,0,0
3,6,3,0,1,14,.1,0
3,6,3,0,1,15,0,0
3,6,3,0,1,16,0,0
2,6,3,0,1,21,0,0
2,6,3,0,1,11,.3,0
3,6,3,0,1,14,.1,0
3,6,3,0,1,17,.1,0
3,6,3,0,1,14,0,0
2,6,3,0,1,19,0,0
3,6,3,0,1,4,.3,0
2,6,3,0,1,19,0,1
3,6,3,0,1,15,0,0
3,6,3,0,1,19,.1,0
2,6,3,0,1,17,.3,0
3,6,3,0,1,10,.1,0
2,6,3,0,1,15,.6,1
3,6,3,0,1,15,.2,1
2,6,3,0,1,14,.3,0
3,6,3,0,1,11,.3,1
4,6,3,1,1,11,0,0
3,6,3,0,1,25,.1,0
3,6,3,0,1,15,.1,0
3,6,3,0,1,14,.2,0
3,6,3,0,1,15,.3,0
3,6,3,0,1,12,0,0
3,6,3,1,1,21,.2,0
4,6,3,1,1,7,0,0
1,6,3,1,1,17,.1,0
3,6,3,0,1,20,0,0
3,6,3,0,1,20,0,0
3,6,3,0,1,20,0,0
3,6,3,0,1,21,0,0
3,6,3,0,1,19,.1,0
2,6,3,0,1,25,.4,0
2,6,3,1,1,16,.4,1
3,6,3,0,1,19,0,0
3,6,3,0,1,20,0,0
3,6,3,0,1,16,.1,0
2,6,3,0,1,26,.4,0
3,6,3,0,1,31,0,0
3,6,3,0,1,18,.1,1
3,6,3,0,1,13,.2,0
3,6,3,0,1,13,.1,0
3,6,3,0,1,21,.3,0
3,6,3,0,1,13,.8,0
2,6,3,0,1,13,.1,0
3,6,3,0,1,19,0,0
3,6,3,0,1,16,.2,0
3,6,3,0,1,19,0,0
3,6,3,1,1,14,.2,0
3,6,3,1,1,11,.1,0
3,6,3,1,1,1,0,0
2,6,3,1,1,7,.1,0
2,6,3,1,1,5,0,0
2,6,3,1,1,3,.3,0
3,6,3,1,1,22,.2,0
2,6,3,1,1,19,0,0
3,6,3,0,1,20,.1,0
2,6,3,0,1,12,.4,1
1,6,3,1,1,2,.3,0
1,6,3,1,1,3,.3,0
3,6,3,1,1,12,.1,0
2,6,3,0,1,12,.3,1
3,6,3,1,1,12,0,0
4,6,3,1,1,9,.1,0
4,6,3,1,1,12,.1,0
4,6,3,1,1,12,.4,0
2,6,3,0,1,16,.2,0
1,6,3,1,1,16,0,0
3,2,3,1,1,41,.2,0
4,2,3,1,1,8,.5,1
3,6,3,1,1,11,0,0
4,6,3,1,1,13,0,0
4,6,3,1,1,1,0,0
6,6,3,1,1,2,0,0
4,6,3,1,1,12,.1,0
5,7,3,1,1,27,0,0
4,2,3,1,1,18,.1,0
3,2,3,1,1,15,0,0
3,6,3,0,1,12,0,0
2,6,3,0,1,17,0,0
3,7,3,1,1,4,0,0
3,2,3,1,1,15,0,0
2,2,3,1,1,16,0,0
6,6,3,1,1,15,0,0
1,2,3,1,1,16,0,0
1,7,3,1,1,12,0,0
3,2,3,1,1,43,.4,0
3,2,3,1,1,44,.4,0
2,7,3,1,1,13,.4,0
3,6,3,1,1,6,.2,1
3,6,3,1,1,11,.5,0
3,6,3,1,1,12,.1,0
3,6,3,1,1,3,.2,0
3,6,3,1,1,10,.9,1
4,2,3,1,1,3,.3,0
5,7,3,1,1,14,.1,0
2,7,3,1,1,6,0,0
1,6,3,1,1,13,0,0
4,7,3,1,1,5,0,0
4,2,3,1,1,3,0,0
2,7,3,1,1,7,.1,1
3,7,3,1,1,7,0,0
2,7,3,1,1,7,.3,0
4,6,3,1,1,12,.1,0
3,2,3,1,1,4,0,0
3,2,3,1,1,19,0,0
2,7,3,1,1,19,0,0
3,2,3,1,1,15,0,0
2,7,3,1,1,14,.4,1
3,2,3,1,1,18,0,0
3,2,3,1,1,6,0,0
3,2,3,1,1,6,0,0
3,2,3,1,1,7,0,0
4,7,3,1,1,13,.1,0
4,7,3,1,1,8,0,0
4,7,3,1,1,12,0,0
4,7,3,1,1,10,.1,1
4,7,3,1,1,13,.4,1
4,7,3,1,1,13,.1,0
3,7,3,1,1,18,0,0
2,6,3,0,1,20,0,0
1,7,3,1,1,16,.4,0
3,6,3,0,1,32,0,0
3,7,3,1,1,3,0,0
3,6,3,0,1,21,0,0
4,7,3,1,1,11,.2,1
2,7,3,1,1,22,0,0
3,7,3,1,1,16,.7,0
3,7,3,1,1,18,.1,0
3,2,3,1,1,16,.2,0
3,2,3,1,1,16,.1,0
1,2,3,1,1,18,0,0
3,2,3,1,1,4,0,0
2,2,3,1,1,12,0,0
3,7,3,1,1,2,0,0
3,7,3,1,1,16,.1,0
2,7,3,1,1,20,0,0
2,6,3,1,1,6,.1,0
1,2,3,1,1,4,0,0
2,2,3,1,1,13,0,0
2,7,3,1,1,20,0,0
2,7,3,1,1,21,.1,0
4,2,3,1,1,6,0,0
3,2,3,1,1,17,.1,0
1,7,3,1,1,17,0,0
4,7,3,1,1,18,.2,0
2,7,3,1,1,22,.3,0
0,7,3,1,1,2,0,0
3,7,3,0,1,28,0,0
2,7,3,0,1,18,0,0
3,7,3,0,1,21,.1,0
1,7,3,0,1,13,.4,1
3,7,3,0,1,15,.1,0
3,7,3,0,1,13,0,0
3,7,3,0,1,26,.1,0
3,7,3,0,1,16,0,0
3,7,3,0,1,17,.2,0
3,7,3,0,1,17,0,0
2,7,3,0,1,17,.2,0
1,7,3,1,1,4,.3,0
2,7,3,0,1,20,0,0
2,7,3,0,1,20,0,0
2,7,3,0,1,13,.4,0
2,7,3,0,1,21,0,0
3,7,3,0,1,14,.8,0
3,7,3,0,1,12,.3,0
3,7,3,0,1,11,0,0
3,7,3,0,1,38,0,0
3,7,3,0,1,33,0,0
3,7,3,0,1,22,0,0
3,7,3,0,1,14,.1,0
2,7,3,0,1,27,.4,1
3,7,3,0,1,22,.3,0
3,7,3,0,1,20,0,0
3,7,3,0,1,20,0,0
3,7,3,0,1,20,0,0
3,7,3,0,1,14,.2,0
3,7,3,0,1,12,0,0
3,7,3,0,1,20,.1,1
3,7,3,0,1,23,0,0
3,7,3,0,1,17,.2,0
2,7,3,0,1,14,.1,1
3,7,3,0,1,19,.1,0
3,7,3,0,1,21,0,0
3,7,3,0,1,21,0,0
3,7,3,0,1,15,0,0
2,7,3,0,1,18,0,0
2,7,3,0,1,16,.6,1
2,7,3,1,1,19,.1,0
2,7,3,1,1,17,.2,0
1,7,3,1,1,18,.1,0
2,7,3,1,1,17,.4,1
3,7,3,1,1,14,.2,0
3,7,3,1,1,15,.2,0
2,7,3,1,1,19,.1,0
2,2,3,1,1,22,.1,1
2,7,3,1,1,4,.3,1
3,7,3,1,1,16,0,0
3,7,3,0,1,15,.1,0
4,7,3,1,1,13,.1,0
3,2,3,1,1,8,.1,0
3,7,3,1,1,5,.2,0
3,7,3,1,1,13,.1,0
3,7,3,1,1,9,.2,0
2,2,3,1,1,21,0,0
3,7,3,0,1,17,.1,0
1,2,3,1,1,15,0,0
1,2,3,1,1,13,0,0
5,2,3,1,1,28,0,0
3,2,3,0,1,15,.2,0
3,2,3,0,1,29,0,0
3,2,3,0,1,27,.1,1
2,2,3,0,1,22,0,0
2,2,3,0,1,18,.2,0
3,2,3,0,1,30,0,0
3,2,3,0,1,16,.3,1
3,2,3,0,1,15,.8,1
3,2,3,0,1,11,.1,0
2,2,3,0,1,13,.3,0
2,2,3,0,1,19,0,0
2,2,3,0,1,21,0,0
3,2,3,0,1,18,0,0
2,2,3,0,1,14,.4,0
3,2,3,0,1,17,.1,0
2,2,3,0,1,15,.3,0
3,2,3,0,1,16,0,0
3,2,3,0,1,16,0,0
2,2,3,0,1,21,0,0
2,2,3,1,1,6,0,0
2,2,3,1,1,17,0,0
3,2,3,1,1,18,.2,0
3,2,3,1,1,11,.2,1
4,2,3,1,1,19,.2,0
4,2,3,1,1,20,.1,0
4,2,3,1,1,11,.4,0
4,2,3,1,1,14,.1,0
2,2,3,1,1,20,0,0
1,2,3,1,1,5,.3,0
2,2,3,1,1,6,.1,0
4,2,3,1,1,8,0,0
4,2,3,1,1,3,.2,1
4,2,3,1,1,14,0,0
3,2,3,1,1,16,.1,1
2,2,3,1,1,20,0,0
4,2,3,1,1,14,.4,0
1,2,3,1,1,20,.2,0
5,2,3,1,1,11,.1,0
3,2,3,1,1,23,.2,0
2,2,3,1,1,20,.1,0
6,2,3,1,1,16,0,0
3,2,3,1,1,24,.2,0
2,2,3,1,1,27,.1,0
2,2,3,1,1,9,.2,0
2,2,3,1,1,16,0,0
2,2,3,1,1,16,0,0
2,2,3,1,1,7,0,0
3,2,3,1,1,16,.2,0
2,2,3,1,1,18,.2,0
3,2,3,1,1,7,0,0
3,2,3,1,1,15,.2,0
3,2,3,0,1,22,0,0
3,2,3,0,1,23,0,0
3,2,3,0,1,22,0,0
3,2,3,0,1,22,0,0
2,2,3,0,1,15,.1,0
2,2,3,1,1,13,.1,0
3,2,3,0,1,34,0,0
3,2,3,0,1,21,0,0
3,2,3,0,1,18,.1,0
3,2,3,1,1,13,.1,0
2,2,3,1,1,19,.2,0
2,2,3,0,1,22,0,0
4,2,3,1,1,14,0,0
2,2,3,1,1,21,.1,0
2,2,3,1,1,8,.1,0
1,2,3,1,1,10,0,0
2,2,3,1,1,23,.3,1
3,2,3,1,1,13,0,0
3,3,3,1,1,33,0,0
2,2,3,1,1,21,0,0
2,2,3,0,1,17,.2,0
2,2,3,0,1,18,.3,0
3,2,3,0,1,13,0,0
2,2,3,0,1,19,0,0
2,2,3,0,1,28,.4,0
1,2,3,0,1,14,.4,0
1,2,3,1,1,21,.2,1
1,2,3,1,1,21,.2,0
1,2,3,1,1,18,0,0
2,2,3,1,1,25,.1,0
4,3,3,1,1,22,0,0
5,3,3,1,1,29,0,0
3,2,3,0,1,18,.2,1
4,2,3,1,1,3,.2,0
4,3,3,1,1,12,0,0
2,2,3,1,1,8,0,0
1,2,3,1,1,10,0,0
3,2,3,1,1,11,.9,1
3,3,3,1,1,45,.4,1
4,2,3,1,1,11,.2,0
3,2,3,1,1,19,.1,0
2,3,3,1,1,21,0,0
1,3,3,1,1,19,0,0
3,2,3,0,1,22,.1,1
3,2,3,0,1,16,0,0
3,2,3,0,1,15,.2,0
1,2,3,1,1,11,.1,1
3,2,3,1,1,13,.1,1
6,3,3,1,1,3,0,0
2,3,3,1,1,23,.1,0
3,3,3,1,1,17,.2,0
4,3,3,1,1,4,.2,0
3,3,3,1,1,17,.1,0
4,3,3,1,1,7,0,0
3,3,3,1,1,19,0,0
3,3,3,1,1,20,0,0
4,3,3,1,1,4,.3,0
4,3,3,1,1,4,0,0
3,2,3,1,1,17,0,0
2,3,3,1,1,6,0,0
2,3,3,1,1,15,.4,1
2,2,3,1,1,26,.1,0
4,3,3,1,1,6,0,0
4,3,3,1,1,14,.1,0
2,3,3,1,1,22,0,0
2,3,3,1,1,4,0,0
4,3,3,1,1,20,.2,0
4,3,3,1,1,21,.1,0
3,3,3,1,1,4,.2,0
2,3,3,1,1,24,.3,0
3,3,3,1,1,7,.1,1
1,3,3,1,1,17,0,0
3,3,3,1,1,14,0,0
3,3,3,1,1,18,.1,1
3,3,3,1,1,14,.1,0
3,3,3,1,1,22,0,0
3,3,3,1,1,17,.1,0
2,3,3,1,1,6,.2,1
2,3,3,1,1,11,0,0
3,4,3,1,1,23,0,0
3,4,3,1,1,34,0,0
3,4,3,1,1,31,0,0
3,3,3,1,1,25,.2,0
2,3,3,1,1,12,.3,1
2,3,3,1,1,22,.1,0
3,3,3,1,1,46,.4,0
3,3,3,1,1,13,0,0
6,3,3,1,1,17,0,0
3,3,3,0,1,17,0,0
3,3,3,1,1,16,0,0
3,3,3,0,1,24,0,0
3,3,3,0,1,18,.2,0
3,3,3,0,1,17,0,0
3,3,3,0,1,23,.1,0
2,3,3,0,1,15,.4,0
2,3,3,0,1,22,0,0
3,3,3,0,1,13,.3,0
3,3,3,0,1,16,.1,0
1,3,3,0,1,17,.2,0
2,3,3,0,1,20,0,0
2,3,3,0,1,20,0,0
3,3,3,0,1,18,.1,0
3,3,3,0,1,13,0,0
2,3,3,0,1,17,.6,0
3,3,3,0,1,17,.3,0
3,3,3,0,1,5,.3,0
3,3,3,0,1,16,.8,1
2,3,3,0,1,19,.3,0
2,3,3,0,1,19,.2,0
1,3,3,0,1,15,.4,0
3,3,3,0,1,18,.1,0
3,3,3,0,1,9,.1,1
2,3,3,0,1,23,0,0
3,3,3,0,1,19,0,0
2,3,3,0,1,16,.3,0
3,3,3,0,1,22,.1,0
3,3,3,0,1,24,.3,0
3,3,3,0,1,15,.1,0
1,3,3,1,1,3,0,0
3,3,3,0,1,35,0,0
3,3,3,0,1,22,0,0
3,3,3,0,1,23,0,0
3,3,3,0,1,23,0,0
3,3,3,0,1,19,.2,0
2,3,3,0,1,29,.4,1
3,3,3,0,1,19,.1,0
3,3,3,0,1,22,0,0
2,3,3,0,1,16,.1,0
3,3,3,0,1,25,0,0
2,3,3,1,1,19,.2,0
2,3,3,1,1,20,.1,0
3,3,3,1,1,17,.2,0
3,3,3,1,1,16,.2,0
3,3,3,1,1,18,.2,0
3,3,3,1,1,15,.2,0
1,3,3,1,1,12,0,0
2,3,3,1,1,23,0,0
1,3,3,1,1,17,.4,0
3,3,3,1,1,8,0,0
4,3,3,1,1,12,.1,0
3,3,3,1,1,14,0,0
3,4,3,1,1,7,0,0
3,3,3,0,1,12,.1,0
3,4,3,1,1,16,0,0
2,4,3,1,1,17,0,0
2,3,3,1,1,1,0,0
1,4,3,1,1,8,0,0
1,3,3,1,1,14,0,0
3,4,3,1,1,47,.4,1
3,4,3,1,1,48,.4,1
2,4,3,1,1,17,0,0
3,4,3,1,1,7,0,0
4,4,3,1,1,23,0,0
2,4,3,1,1,22,0,0
3,3,3,0,1,23,0,0
3,3,3,1,1,20,.1,0
3,3,3,1,1,8,0,0
5,4,3,1,1,15,.1,0
3,3,3,1,1,17,.7,1
4,3,3,1,1,4,.2,0
3,4,3,1,1,7,0,0
5,3,3,1,1,30,0,0
5,4,3,1,1,31,0,0
3,4,3,1,1,18,.1,0
3,4,3,1,1,18,.2,0
3,3,3,1,1,18,.2,0
2,3,3,0,1,14,.6,0
2,4,3,1,1,8,0,0
3,3,3,1,1,17,.2,0
3,3,3,1,1,7,0,0
3,3,3,1,1,16,.2,0
3,4,3,1,1,22,.3,1
3,3,3,1,1,8,.1,0
4,4,3,1,1,21,.2,0
4,4,3,1,1,22,.1,0
3,4,3,1,1,12,.2,0
4,4,3,1,1,12,.4,1
2,3,3,1,1,6,0,0
2,3,3,1,1,25,.3,1
4,4,3,1,1,3,0,0
2,4,3,1,1,1,0,0
2,3,3,1,1,8,0,0
2,4,3,1,1,1,0,0
2,5,3,1,1,18,0,0
2,3,3,1,1,18,.1,0
3,4,3,1,1,13,.3,0
3,3,3,1,1,16,.2,0
3,3,3,1,1,21,.1,0
4,4,3,1,1,10,0,0
3,4,3,1,1,21,0,0
3,4,3,1,1,15,0,0
4,4,3,1,1,8,0,0
4,4,3,1,1,6,.2,0
1,4,3,1,1,18,.4,1
2,3,3,0,1,14,.3,0
4,4,3,1,1,9,.2,0
3,4,3,1,1,9,.1,1
2,4,3,1,1,14,.1,0
2,4,3,1,1,24,0,0
3,4,3,1,1,19,.2,1
1,4,3,1,1,22,.2,0
1,4,3,1,1,19,.1,0
2,4,3,1,1,14,.1,0
2,4,3,1,1,24,.1,0
1,4,3,1,1,31,.1,0
1,4,3,1,1,32,.1,0
4,4,3,1,1,5,.2,0
4,4,3,1,1,15,0,0
2,4,3,1,1,12,0,0
1,4,3,1,1,4,0,0
3,4,3,0,1,31,0,0
3,4,3,0,1,32,0,0
3,4,3,0,1,17,0,0
3,4,3,0,1,25,0,0
3,4,3,0,1,14,0,0
3,4,3,0,1,13,.2,0
2,4,3,0,1,20,.3,0
2,4,3,0,1,16,.4,0
3,4,3,0,1,16,.2,0
2,4,3,0,1,24,0,0
2,4,3,0,1,18,.6,1
3,4,3,0,1,28,.1,1
2,4,3,0,1,21,0,0
3,4,3,0,1,16,.2,0
3,4,3,0,1,17,0,0
3,4,3,0,1,10,.3,0
3,4,3,0,1,14,0,0
2,4,3,0,1,23,0,0
3,4,3,0,1,15,.1,0
3,4,3,0,1,16,.2,0
2,4,3,0,1,17,.3,1
3,4,3,0,1,14,0,0
4,4,3,1,1,15,0,0
3,4,3,0,1,37,0,0
3,4,3,0,1,21,.1,0
3,4,3,0,1,24,0,0
3,4,3,0,1,24,0,0
3,4,3,0,1,27,0,0
3,4,3,0,1,24,0,0
3,4,3,0,1,20,.1,1
2,4,3,0,1,30,.4,1
3,4,3,0,1,25,.3,1
2,4,3,0,1,17,.1,0
3,4,3,1,1,12,.1,0
2,4,3,1,1,20,.2,1
2,4,3,1,1,21,.1,0
2,4,3,1,1,22,.1,1
2,4,3,0,1,24,0,0
3,5,3,1,1,18,.1,0
3,4,3,0,1,24,0,0
4,5,3,1,1,16,.1,0
2,4,3,0,1,21,0,0
6,4,3,1,1,18,0,0
3,4,3,1,1,8,0,0
1,4,3,1,1,9,0,0
3,5,3,1,1,17,0,0
3,4,3,1,1,26,.2,0
4,4,3,1,1,15,.1,1
1,4,3,1,1,22,.2,0
4,5,3,1,1,8,0,0
4,5,3,1,1,5,.2,0
2,4,3,1,1,23,0,0
1,4,3,1,1,20,0,1
3,5,3,1,1,12,0,0
2,5,3,1,1,13,0,0
4,5,3,1,1,24,0,0
3,5,3,1,1,49,.4,0
3,5,3,1,1,46,.2,0
2,4,3,1,1,9,0,0
5,5,3,1,1,16,.1,0
3,4,3,1,1,18,0,0
2,4,3,1,1,13,.3,0
3,5,3,1,1,19,.2,0
3,5,3,1,1,19,.1,0
5,4,3,1,1,32,0,0
3,5,3,1,1,4,0,0
1,4,3,0,1,18,.2,0
3,5,3,1,1,23,.3,1
2,5,3,1,1,14,.1,1
3,4,3,1,1,27,.2,0
2,5,3,1,1,18,0,0
3,4,3,1,1,12,.9,1
1,4,3,1,1,23,.2,0
4,4,3,1,1,13,.2,1
3,4,3,1,1,17,.2,0
4,4,3,1,1,17,.1,0
3,4,3,1,1,18,.2,0
3,4,3,1,1,6,.2,0
1,4,3,1,1,15,0,1
2,4,3,0,1,15,.6,1
3,4,3,1,1,11,.2,0
2,5,3,1,1,27,.1,0
3,5,3,1,1,9,0,0
3,5,3,1,1,18,0,0
3,5,3,1,1,19,0,0
1,5,3,1,1,18,0,0
1,5,3,1,1,21,0,0
3,5,3,1,1,20,0,0
3,5,3,1,1,17,0,0
2,5,3,1,1,1,0,0
3,5,3,1,1,3,0,0
2,5,3,1,1,25,.1,0
3,5,3,1,1,16,0,0
2,5,3,1,1,7,.1,0
3,5,3,1,1,15,.1,1
3,4,3,1,1,22,.1,1
4,5,3,1,1,4,0,0
3,5,3,1,1,19,.1,0
2,5,3,1,1,18,0,0
3,5,3,1,1,21,0,0
4,4,3,1,1,13,0,0
4,5,3,1,1,13,.1,0
4,5,3,1,1,15,.4,1
4,5,3,1,1,16,0,0
4,5,3,1,1,22,.2,1
2,5,3,1,1,25,0,0
3,5,3,1,1,13,.2,0
4,5,3,1,1,13,.4,0
4,5,3,1,1,15,.1,0
4,5,3,1,1,7,0,0
3,5,3,1,1,36,0,0
4,5,3,1,1,1,0,0
3,5,3,1,1,20,.2,0
3,5,3,1,1,21,.2,0
1,5,3,1,1,20,.1,0
2,5,3,1,1,20,.4,1
2,5,3,1,1,15,.1,0
2,5,3,1,1,26,.3,0
3,5,3,0,1,18,0,0
3,5,3,0,1,29,.1,0
4,5,3,1,1,18,.1,0
3,5,3,0,1,30,.1,0
2,5,3,0,1,23,0,0
3,5,3,0,1,24,.1,0
2,5,3,0,1,13,.3,0
3,5,3,0,1,20,0,0
2,5,3,0,1,15,.3,0
2,5,3,0,1,17,.4,1
2,5,3,0,1,19,.6,0
2,5,3,0,1,18,.3,0
2,5,3,0,1,16,.6,0
3,5,3,0,1,16,.1,0
3,5,3,0,1,19,.2,0
3,5,3,0,1,18,.3,0
3,5,3,0,1,19,.1,0
3,5,3,0,1,16,.1,0
3,5,3,0,1,18,0,0
2,5,3,0,1,23,0,0
3,5,3,0,1,10,.1,0
2,5,3,0,1,18,.2,0
3,5,3,0,1,17,.2,0
3,5,3,0,1,26,0,0
3,5,3,0,1,19,.1,0
3,5,3,0,1,17,.8,1
3,5,3,0,1,25,0,0
3,5,3,0,1,17,.1,0
3,5,3,0,1,38,0,0
2,5,3,0,1,18,.1,0
2,5,3,1,1,6,0,0
3,5,3,0,1,25,0,0
3,5,3,0,1,23,.1,0
3,5,3,0,1,26,.3,0
2,5,3,1,1,23,.1,0
3,5,3,0,1,23,0,0
3,5,3,0,1,17,0,0
3,5,3,0,1,25,0,0
2,5,3,1,1,21,.2,0
3,5,3,1,1,19,.2,0
2,5,3,1,1,24,.1,0
2,5,3,1,1,21,0,0
2,5,3,1,1,9,.1,0
3,5,3,1,1,22,0,0
3,5,3,1,1,28,.2,0
1,5,3,1,1,6,.2,0
3,5,3,1,1,15,0,0
4,5,3,1,1,14,.1,0
4,5,3,1,1,9,0,0
4,5,3,1,1,16,0,0
3,5,3,0,1,21,.2,0
3,5,3,1,1,29,.2,0
2,5,3,1,1,23,0,0
3,5,3,1,1,12,0,0
3,5,3,1,1,13,0,0
3,5,3,0,1,14,.2,0
1,5,3,1,1,19,0,0
1,5,3,1,1,14,0,0
3,5,3,0,1,17,.2,0
3,5,3,0,1,16,.1,0
3,5,3,0,1,21,.1,0
1,5,3,1,1,22,0,0
2,5,3,1,1,7,0,0
2,5,3,1,1,24,0,0
3,5,3,1,1,8,0,0
3,5,3,1,1,18,.2,0
3,5,3,1,1,13,.5,1
1,5,3,1,1,24,.2,0
3,5,3,1,1,18,.7,1
1,5,3,1,1,12,0,0
1,5,3,1,1,16,0,0
3,5,3,1,1,23,.1,0
3,5,3,1,1,19,0,0
1,5,3,1,1,15,0,0
1,5,3,0,1,19,.2,0
2,5,3,0,1,20,.2,0
4,5,3,1,1,19,.1,0
3,5,3,1,1,3,0,0
1,5,3,1,1,20,0,0
3,5,3,1,1,9,0,0
5,3,3,1,5,2,.5,1
6,3,3,0,5,1,0,0
5,3,3,1,5,7,.3,1
4,3,3,1,5,8,0,0
5,4,3,1,5,6,.3,1
5,3,3,1,5,9,.2,0
5,3,3,1,5,7,.4,0
5,5,3,1,5,3,0,0
6,3,3,1,5,5,.2,0
5,3,3,0,5,1,0,0
6,3,3,0,5,1,0,0
6,3,3,0,5,1,0,0
6,3,3,0,5,1,0,0
5,6,3,1,5,7,.1,1
6,4,3,1,5,2,0,0
5,7,3,1,5,1,0,0
5,5,3,1,5,4,0,0
5,5,3,1,5,1,0,0
5,5,3,1,5,2,0,0
6,5,3,1,5,4,0,0
6,6,3,0,5,1,1,1
5,2,3,1,5,6,0,0
4,6,3,1,5,2,0,0
4,6,3,1,5,2,.6,0
4,6,3,1,5,13,.4,0
6,2,3,1,5,6,.5,1
6,7,3,1,5,4,.4,1
6,2,3,1,5,10,.3,1
6,2,3,1,5,7,.3,0
6,2,3,1,5,8,0,0
6,2,3,1,5,8,.1,0
6,2,3,1,5,8,0,0
5,2,3,1,5,2,0,0
5,7,3,1,5,10,.2,0
4,7,3,1,5,4,.5,1
5,7,3,1,5,4,.1,0
5,2,3,1,5,1,0,0
5,3,3,1,5,7,.3,0
5,7,3,1,5,5,0,0
5,2,3,1,5,2,0,0
4,2,3,1,5,2,0,0
4,2,3,1,5,2,.2,1
5,2,3,1,5,9,0,0
5,5,3,1,5,2,.5,1
5,5,3,1,5,1,0,0
5,5,3,1,5,2,0,0
5,3,3,1,5,8,.4,1
4,3,3,1,5,3,.6,1
5,5,3,1,5,1,.3,1
6,3,3,0,5,9,.3,0
5,5,3,1,5,5,0,0
5,6,3,1,5,4,0,0
6,6,3,1,5,7,.4,1
5,6,3,1,5,6,0,0
4,4,3,1,5,5,.2,0
4,4,3,1,5,7,.4,1
4,4,3,1,5,7,0,0
6,5,3,1,5,2,.3,1
6,5,3,1,5,5,.1,0
5,7,3,1,5,6,0,0
5,2,3,1,5,2,0,0
5,5,3,1,5,5,.4,0
4,6,3,1,5,3,.2,0
5,2,3,1,5,3,.2,1
6,2,3,1,5,9,.2,1
4,2,3,1,5,3,.3,1
5,2,3,1,5,3,0,0
5,6,3,1,5,9,0,0
5,7,3,1,5,1,1,1
5,2,3,1,5,1,0,0
5,2,3,1,5,1,0,0
5,3,3,1,5,1,0,0
6,7,3,1,5,1,.3,1
5,2,3,1,5,6,.1,0
5,5,3,1,5,2,.5,0
4,3,3,1,5,4,.6,0
5,4,3,1,5,5,0,0
5,5,3,1,5,6,0,0
6,4,3,1,5,1,1,1
5,3,3,1,5,1,0,0
5,6,3,1,5,3,0,0
6,4,3,1,5,6,.1,0
4,4,3,1,5,5,.6,0
5,6,3,1,5,3,0,0
5,6,3,1,5,4,0,0
5,6,3,1,5,1,0,0
5,6,3,1,5,4,.2,0
6,5,3,1,5,2,.3,0
5,2,3,1,5,6,.2,0
5,7,3,1,5,2,0,0
5,6,3,1,5,2,.3,0
4,5,3,1,5,6,.6,1
6,5,3,1,5,4,0,0
6,5,3,1,5,3,.3,0
5,2,3,1,5,7,0,0
5,7,3,1,5,4,.3,0
5,2,3,1,5,2,0,0
5,7,3,1,5,7,.1,0
6,4,3,1,5,2,0,0
5,2,3,1,5,1,0,0
6,2,3,1,5,8,.3,1
6,2,3,1,5,5,0,0
6,2,3,1,5,7,0,0
5,3,3,1,5,2,0,0
5,2,3,1,5,1,0,0
5,7,3,1,5,3,0,0
5,2,3,1,5,1,0,0
5,5,3,1,5,2,0,0
5,3,3,1,5,6,0,0
5,3,3,1,5,7,.1,0
4,3,3,1,5,4,.2,0
5,4,3,1,5,3,1,1
6,4,3,1,5,6,.3,0
5,6,3,1,5,3,.3,1
5,4,3,1,5,4,.2,0
6,5,3,1,5,2,0,0
5,6,3,1,5,3,.3,0
5,5,3,1,5,7,0,0
5,5,3,1,5,7,0,0
4,5,3,1,5,5,.2,0
5,7,3,1,5,4,0,0
6,6,3,1,5,5,.2,0
5,5,3,1,5,1,0,0
6,5,3,1,5,5,0,0
6,5,3,1,5,8,.1,0
4,5,3,1,5,9,0,0
5,7,3,1,5,5,0,0
5,6,3,1,5,8,.1,1
5,2,3,1,5,1,1,1
5,2,3,1,5,3,0,0
5,7,3,1,5,8,0,0
5,7,3,1,5,11,.2,0
4,7,3,1,5,7,.6,1
6,7,3,1,5,5,.3,1
5,4,3,1,5,1,1,1
5,5,3,1,5,6,0,0
6,3,3,1,5,2,.5,1
5,5,3,1,5,4,0,0
6,5,3,1,5,3,.3,0
5,4,3,1,5,9,.1,0
6,5,3,1,5,5,.2,0
6,5,3,1,5,4,.3,0
5,4,3,1,5,2,0,0
6,5,3,1,5,6,.3,0
6,5,3,1,5,7,.1,1
5,5,3,1,5,5,.2,0
4,3,3,1,10,1,.3,0
1,3,3,1,10,5,0,0
4,3,3,1,10,1,0,0
1,3,3,1,10,1,0,0
1,3,3,1,10,1,0,0
1,3,3,1,10,2,0,0
4,4,3,1,10,11,.1,0
1,4,3,1,10,3,0,0
2,4,3,1,10,1,0,0
2,3,3,1,10,1,.1,1
4,4,3,1,10,1,.1,0
4,4,3,1,10,2,0,0
4,4,3,1,10,2,.3,1
4,4,3,1,10,1,.3,0
4,4,3,1,10,1,.3,0
2,4,3,1,10,1,.1,0
2,5,3,1,10,2,0,0
4,4,3,1,10,12,.1,0
2,5,3,1,10,1,0,0
4,5,3,1,10,3,.3,0
4,5,3,1,10,3,0,0
3,5,3,1,10,9,.1,0
3,5,3,1,10,18,0,0
1,5,3,1,10,3,.1,0
2,5,3,1,10,2,0,0
2,6,3,1,10,3,0,0
1,5,3,1,10,17,0,0
3,6,3,1,10,10,.1,0
3,6,3,1,10,19,0,0
2,6,3,1,10,9,.1,1
1,6,3,1,10,6,0,0
6,6,3,1,13,1,1,1
2,6,3,1,10,2,.1,0
2,7,3,1,10,3,0,0
2,7,3,1,10,1,0,0
2,2,3,1,10,5,0,0
2,7,3,1,10,10,.1,0
3,7,3,1,10,11,.1,0
1,2,3,1,10,7,0,0
2,2,3,1,10,11,.1,0
3,2,3,1,10,12,.1,0
6,3,3,1,13,1,0,0
6,3,3,1,13,1,0,0
2,2,3,1,10,4,.1,0
1,2,3,1,10,1,0,0
6,3,3,1,13,1,0,0
1,3,3,1,10,8,0,0
3,2,3,1,10,1,0,0
2,3,3,1,10,6,0,0
3,3,3,1,10,13,.1,0
4,3,3,1,10,2,0,0
2,3,3,1,10,7,0,0
2,3,3,1,10,2,0,0
2,4,3,1,10,8,0,0
2,4,3,1,10,4,0,0
2,4,3,1,10,13,.1,0
2,4,3,1,10,26,.1,0
1,4,3,1,10,18,0,0
2,5,3,1,10,9,0,0
6,5,3,1,13,2,.5,1
6,5,3,1,13,2,.5,1
3,5,3,1,10,23,0,0
3,5,3,1,10,15,.1,0
1,5,3,1,10,11,0,0
2,5,3,1,10,3,0,0
4,6,3,1,10,2,.3,1
3,5,3,1,10,7,.2,0
2,6,3,1,10,2,0,0
2,6,3,1,10,10,0,0
3,6,3,1,10,16,.1,0
2,6,3,1,10,8,.1,0
3,6,3,1,10,8,.2,0
6,6,3,1,13,1,0,0
1,6,3,1,10,19,0,0
6,6,3,1,13,1,0,0
6,6,3,1,13,1,0,0
6,6,3,1,13,1,0,0
5,6,3,1,10,14,.4,1
2,7,3,1,10,4,.1,0
2,7,3,1,10,9,.1,0
2,2,3,1,10,11,0,0
2,7,3,1,10,15,.1,0
3,2,3,1,10,18,.1,0
1,2,3,1,10,9,0,0
2,2,3,1,10,9,.1,0
2,2,3,1,10,16,.1,0
2,2,3,1,10,12,0,0
2,2,3,1,10,4,0,0
2,2,3,1,10,3,0,0
2,3,3,1,10,5,.1,0
1,2,3,1,10,4,.1,0
2,3,3,1,10,13,0,0
3,3,3,1,10,25,0,0
2,3,3,1,10,14,0,0
1,4,3,1,10,10,0,0
3,4,3,1,10,20,.1,0
2,4,3,1,10,17,.1,0
2,4,3,1,10,5,0,0
3,4,3,1,10,1,0,0
2,4,3,1,10,18,.1,0
2,4,3,1,10,12,.1,1
2,5,3,1,10,5,0,0
4,5,3,1,10,13,.1,0
2,5,3,1,10,15,0,0
6,5,3,1,13,2,0,0
4,5,3,1,10,2,.1,1
4,5,3,1,10,1,.3,1
2,5,3,1,10,6,0,0
4,5,3,1,10,4,0,0
4,5,3,1,10,4,.3,0
4,5,3,1,10,2,.3,0
2,6,3,1,10,16,0,0
1,5,3,1,10,3,0,0
2,5,3,1,10,11,.1,0
2,6,3,1,10,6,.1,0
1,6,3,1,10,11,0,0
4,6,3,1,10,3,.1,0
4,6,3,1,13,1,0,0
4,6,3,1,10,2,.3,0
4,6,3,1,10,5,.3,0
3,6,3,1,10,21,.1,0
2,6,3,1,10,19,.1,0
2,6,3,1,10,17,0,0
2,6,3,1,10,14,.1,0
6,6,3,1,10,1,0,0
6,6,3,1,13,1,0,0
2,6,3,1,10,12,.1,0
2,6,3,1,10,20,.1,0
4,6,3,1,10,4,.1,0
2,7,3,1,10,6,0,0
2,7,3,1,10,7,.1,0
4,2,3,1,10,5,0,0
3,7,3,1,10,22,.1,0
3,7,3,1,10,28,0,0
2,2,3,1,10,18,0,0
4,2,3,1,10,3,.3,0
4,2,3,1,10,3,.3,0
4,2,3,1,10,6,.3,1
2,2,3,1,10,7,0,0
2,2,3,1,10,21,.1,0
2,2,3,1,10,19,0,0
4,2,3,1,10,3,.3,0
1,2,3,1,10,12,0,0
4,2,3,1,10,3,0,0
6,2,3,1,10,2,0,0
3,2,3,1,10,24,.1,0
2,3,3,1,10,8,.1,0
2,3,3,1,10,20,0,0
4,3,3,1,13,1,0,0
4,3,3,1,10,6,0,0
4,3,3,1,10,7,.3,0
4,3,3,1,10,5,.1,0
4,3,3,1,10,4,.3,0
6,3,3,1,10,1,.5,1
2,3,3,1,10,6,.1,0
3,3,3,1,10,25,.1,0
3,3,3,1,10,30,0,0
4,3,3,1,10,6,.1,0
2,3,3,1,10,2,0,0
2,3,3,1,10,5,0,0
2,3,3,1,10,1,0,0
1,3,3,1,10,40,.1,0
4,3,3,1,10,5,.2,0
4,3,3,1,13,1,0,0
3,3,3,1,10,6,.1,0
3,3,3,1,10,14,0,0
2,4,3,1,10,21,0,0
2,4,3,1,10,8,0,0
4,4,3,1,10,14,.1,0
4,4,3,1,10,8,.3,0
4,4,3,1,10,7,0,0
1,4,3,1,10,5,.1,0
6,4,3,1,10,2,.5,0
4,4,3,1,10,7,.1,0
1,4,3,1,10,12,0,0
3,4,3,1,10,15,0,0
3,4,3,1,10,26,.1,0
2,4,3,1,10,22,.1,0
2,4,3,1,10,6,0,0
3,4,3,1,10,7,.1,0
2,4,3,1,10,19,.1,0
4,4,3,1,13,1,0,0
2,4,3,1,10,14,.1,0
3,4,3,1,10,27,.1,0
6,5,3,1,13,1,0,0
5,5,3,1,13,2,0,0
6,4,3,1,10,3,0,0
2,4,3,1,10,3,0,0
2,5,3,1,10,9,0,0
2,5,3,1,10,22,0,0
4,5,3,1,13,2,0,0
6,5,3,1,13,1,0,0
3,5,3,1,10,31,0,0
2,6,3,1,10,23,0,0
1,5,3,1,10,20,0,0
1,6,3,1,10,13,0,0
6,6,3,1,13,1,0,0
2,6,3,1,10,7,.1,0
3,6,3,1,10,29,.1,0
2,6,3,1,10,24,0,0
2,2,3,1,10,25,0,0
2,7,3,1,10,10,.1,0
2,7,3,1,10,10,0,0
6,2,3,1,13,1,0,0
1,2,3,1,10,14,0,0
3,2,3,1,10,31,.1,0
2,2,3,1,10,26,0,0
2,2,3,1,10,21,.1,0
1,2,3,1,10,10,.1,0
3,2,3,1,10,1,0,0
1,3,3,1,10,6,.1,0
1,3,3,1,10,15,0,0
2,2,3,1,10,17,.1,0
3,2,3,1,10,17,0,0
2,2,3,1,10,4,0,0
2,3,3,1,10,27,0,0
1,3,3,1,10,7,.1,1
4,3,3,1,10,4,.3,1
2,3,3,1,10,18,.1,0
4,3,3,1,10,15,.1,0
6,4,3,1,13,1,0,0
2,3,3,1,10,28,0,1
2,4,3,1,10,11,0,0
2,4,3,1,10,5,0,0
3,4,3,1,10,5,.2,0
2,4,3,1,10,7,0,0
6,4,3,1,10,4,0,0
2,4,3,1,10,23,.1,0
2,5,3,1,10,29,0,0
1,5,3,1,10,21,0,0
1,5,3,1,10,11,.1,0
2,5,3,1,10,11,.1,0
2,5,3,1,10,20,.1,0
4,5,3,1,10,4,0,0
2,5,3,1,10,30,0,0
